"","Year","Medal","Time","Record","Event","Name","Athlete.Country","Host.City","Host.Country"
"1",2016,"Gold",10.71,NA,"100 metres","Elaine Thompson","Jamaica","Rio de Janeiro","Brazil"
"2",2016,"Gold",21.78,NA,"200 metres","Elaine Thompson","Jamaica","Rio de Janeiro","Brazil"
"3",2016,"Gold",49.44,NA,"400 metres","Shaunae Miller","Bahamas","Rio de Janeiro","Brazil"
"4",2016,"Gold",NA,NA,"800 metres","Caster Semenya","South Africa","Rio de Janeiro","Brazil"
"5",2016,"Gold",NA,NA,"1500 metres","Faith Kipyegon","Kenya","Rio de Janeiro","Brazil"
"6",2016,"Gold",NA,NA,"5000 metres","Vivian Cheruiyot","Kenya","Rio de Janeiro","Brazil"
"7",2016,"Gold",NA,NA,"10,000 metres","Almaz Ayana","Ethiopia","Rio de Janeiro","Brazil"
"8",2016,"Gold",NA,NA,""," NA",NA,"Rio de Janeiro","Brazil"
"9",2016,"Gold",12.48,NA,"100 metres hurdles","Brianna Rollins","United States","Rio de Janeiro","Brazil"
"10",2016,"Gold",53.13,NA,"400 metres hurdles","Dalilah Muhammad","United States","Rio de Janeiro","Brazil"
"11",2016,"Gold",NA,NA,"3000 metres steeplechase","Ruth Jebet","Bahrain","Rio de Janeiro","Brazil"
"12",2016,"Gold",NA,NA,""," NA",NA,"Rio de Janeiro","Brazil"
"13",2016,"Gold",41.02,NA,"4 × 100 metres relay","United States","(USA)Tianna BartolettaAllyson FelixEnglish GardnerTori BowieMorolake Akinosun*","Rio de Janeiro","Brazil"
"14",2016,"Gold",NA,NA,"4 × 400 metres relay","United States","(USA)Courtney OkoloNatasha HastingsPhyllis FrancisAllyson FelixTaylor Ellis-Watson*Francena McCorory*","Rio de Janeiro","Brazil"
"15",2016,"Gold",NA,NA,""," NA",NA,"Rio de Janeiro","Brazil"
"16",2016,"Gold",NA,NA,"Marathon","Jemima Sumgong","Kenya","Rio de Janeiro","Brazil"
"17",2016,"Gold",NA,NA,"20 kilometres walk","Liu Hong","China","Rio de Janeiro","Brazil"
"18",2016,"Gold",NA,NA,""," NA",NA,"Rio de Janeiro","Brazil"
"19",2016,"Gold",1.97,NA,"High jump","Ruth Beitia","Spain","Rio de Janeiro","Brazil"
"20",2016,"Gold",4.85,NA,"Pole vault","Ekaterini Stefanidi","Greece","Rio de Janeiro","Brazil"
"21",2016,"Gold",7.17,NA,"Long jump","Tianna Bartoletta","United States","Rio de Janeiro","Brazil"
"22",2016,"Gold",15.17,NA,"Triple jump","Caterine Ibargüen","Colombia","Rio de Janeiro","Brazil"
"23",2016,"Gold",20.63,NA,"Shot put","Michelle Carter","United States","Rio de Janeiro","Brazil"
"24",2016,"Gold",69.21,NA,"Discus throw","Sandra Perković","Croatia","Rio de Janeiro","Brazil"
"25",2016,"Gold",82.29,NA,"Hammer throw","Anita Włodarczyk","Poland","Rio de Janeiro","Brazil"
"26",2016,"Gold",66.18,NA,"Javelin throw","Sara Kolak","Croatia","Rio de Janeiro","Brazil"
"27",2016,"Gold",NA,NA,""," NA",NA,"Rio de Janeiro","Brazil"
"28",2016,"Gold",6810,NA,"Heptathlon","Nafissatou Thiam","Belgium","Rio de Janeiro","Brazil"
"29",2012,"Gold",10.75,NA,"100 metres","Shelly-Ann Fraser-Pryce","Jamaica","London","Great Britain"
"30",2012,"Gold",21.88,NA,"200 metres","Allyson Felix","United States","London","Great Britain"
"31",2012,"Gold",49.55,NA,"400 metres","Sanya Richards-Ross","United States","London","Great Britain"
"32",2012,"Gold",NA,NA,"800 metres  [e]","Caster Semenya","South Africa","London","Great Britain"
"33",2012,"Gold",NA,NA,"1500 metres [f]","Maryam Yusuf","Jamal Bahrain","London","Great Britain"
"34",2012,"Gold",NA,NA,"5000 metres","Meseret Defar","Ethiopia","London","Great Britain"
"35",2012,"Gold",NA,NA,"10,000 metres","Tirunesh Dibaba","Ethiopia","London","Great Britain"
"36",2012,"Gold",NA,NA,""," NA",NA,"London","Great Britain"
"37",2012,"Gold",12.35,"OR)","100 metres hurdles","Sally Pearson","Australia","London","Great Britain"
"38",2012,"Gold",52.7,NA,"400 metres hurdles","Natalya Antyukh","Russia","London","Great Britain"
"39",2012,"Gold",NA,NA,"3000 metres steeplechase [g]","Habiba Ghribi","Tunisia","London","Great Britain"
"40",2012,"Gold",NA,NA,""," NA",NA,"London","Great Britain"
"41",2012,"Gold",40.82,"WR)","4 × 100 m relay","United States","(USA)Tianna MadisonAllyson FelixBianca KnightCarmelita JeterJeneba Tarmoh*Lauryn Williams*","London","Great Britain"
"42",2012,"Gold",NA,NA,"4 × 400 m relay [h]","United States","(USA)DeeDee TrotterAllyson FelixFrancena McCororySanya Richards-RossKeshia Baker*Diamond Dixon*","London","Great Britain"
"43",2012,"Gold",NA,NA,""," NA",NA,"London","Great Britain"
"44",2012,"Gold",NA,"OR)","Marathon","Tiki Gelana","Ethiopia","London","Great Britain"
"45",2012,"Gold",NA,"WR)","20 kilometres walk [i]","Elena Lashmanova","Russia","London","Great Britain"
"46",2012,"Gold",NA,NA,""," NA",NA,"London","Great Britain"
"47",2012,"Gold",2.05,NA,"High jump [j]","Anna Chicherova","Russia","London","Great Britain"
"48",2012,"Gold",4.75,NA,"Pole vault","Jenn Suhr","United States","London","Great Britain"
"49",2012,"Gold",7.12,NA,"Long jump","Brittney Reese","United States","London","Great Britain"
"50",2012,"Gold",14.98,NA,"Triple jump","Olga Rypakova","Kazakhstan","London","Great Britain"
"51",2012,"Gold",20.7,NA,"Shot put [k]","Valerie Adams","New Zealand","London","Great Britain"
"52",2012,"Gold",69.11,NA,"Discus throw [l]","Sandra Perković","Croatia","London","Great Britain"
"53",2012,"Gold",77.6,NA,"Hammer throw [m]","Anita Włodarczyk","Poland","London","Great Britain"
"54",2012,"Gold",69.55,NA,"Javelin throw","Barbora Špotáková","Czech Republic","London","Great Britain"
"55",2012,"Gold",NA,NA,""," NA",NA,"London","Great Britain"
"56",2012,"Gold",6955,NA,"Heptathlon [n]","Jessica Ennis","Great Britain","London","Great Britain"
"57",2008,"Gold",10.78,NA,"100 metres ","Shelly-Ann Fraser","Jamaica","Beijing","China"
"58",2008,"Gold",21.74,NA,"200 metres ","Veronica Campbell-Brown","Jamaica","Beijing","China"
"59",2008,"Gold",49.62,NA,"400 metres ","Christine Ohuruogu","Great Britain","Beijing","China"
"60",2008,"Gold",NA,NA,"800 metres ","Pamela Jelimo","Kenya","Beijing","China"
"61",2008,"Gold",NA,NA,"1500 metres ","Nancy Jebet","Lagat Kenya","Beijing","China"
"62",2008,"Gold",NA,NA,"5000 metres   [g]","Tirunesh Dibaba","Ethiopia","Beijing","China"
"63",2008,"Gold",NA,"OR)","10,000 metres   [h]","Tirunesh Dibaba","Ethiopia","Beijing","China"
"64",2008,"Gold",12.54,NA,"100 metres hurdles ","Dawn Harper","United States","Beijing","China"
"65",2008,"Gold",52.64,"OR)","400 metres hurdles ","Melaine Walker","Jamaica","Beijing","China"
"66",2008,"Gold",NA,"WR)","3000 metres steeplechase  [i]","Gulnara Galkina-Samitova","Russia","Beijing","China"
"67",2008,"Gold",42.54,"NR)","4×100 metres relay [j]","BelgiumOlivia BorléeHanna","MariënÉlodie OuédraogoKim Gevaert","Beijing","China"
"68",2008,"Gold",NA,NA,"4×400 metres relay  [k]","United StatesMary","WinebergAllyson FelixMonique HendersonSanya RichardsNatasha Hastings*","Beijing","China"
"69",2008,"Gold",NA,NA,"Marathon ","Constantina Diṭă-Tomescu","Romania","Beijing","China"
"70",2008,"Gold",NA,"OR)","20 kilometres walk ","Olga Kaniskina","Russia","Beijing","China"
"71",2008,"Gold",NA,NA,"High jump  [l]","Tia Hellebaut","Belgium","Beijing","China"
"72",2008,"Gold",NA,"WR)","Pole vault ","Yelena Isinbayeva","Russia","Beijing","China"
"73",2008,"Gold",NA,NA,"Long jump  [m]","Maurren Maggi","Brazil","Beijing","China"
"74",2008,"Gold",NA,"OR)","Triple jump  [n]","Françoise Mbango","Etone Cameroon","Beijing","China"
"75",2008,"Gold",NA,NA,"Shot put  [o]","Valerie Vili","New Zealand","Beijing","China"
"76",2008,"Gold",NA,NA,"Discus throw  [p]","Stephanie Brown","Trafton United States","Beijing","China"
"77",2008,"Gold",NA,NA,"Hammer throw  [q]","Yipsi Moreno","Cuba","Beijing","China"
"78",2008,"Gold",NA,NA,"Javelin throw  [r]","Barbora Špotáková","Czech Republic","Beijing","China"
"79",2008,"Gold",6733,NA,"Heptathlon  [s]","Natalya Dobrynska","Ukraine","Beijing","China"
"80",2000,"Gold",NA,NA,"100 metres","Not awarded[2]",NA,"Atlanta","USA"
"81",2000,"Gold",NA,NA,"100 metres","Not awarded[2]",NA,"Atlanta","USA"
"82",2000,"Gold",22.27,NA,"200 metres","Pauline Davis-Thompson[2]","Bahamas","Atlanta","USA"
"83",2000,"Gold",49.11,NA,"400 metres","Cathy Freeman","Australia","Atlanta","USA"
"84",2000,"Gold",NA,NA,"800 metres","Maria de","Lurdes Mutola Mozambique","Atlanta","USA"
"85",2000,"Gold",NA,NA,"1500 metres","Nouria Mérah-Benida","Algeria","Atlanta","USA"
"86",2000,"Gold",NA,"OR)","5000 metres","Gabriela Szabo","Romania","Atlanta","USA"
"87",2000,"Gold",NA,"OR)","10,000 metres","Derartu Tulu","Ethiopia","Atlanta","USA"
"88",2000,"Gold",12.65,NA,"100 metres hurdles","Olga Shishigina","Kazakhstan","Atlanta","USA"
"89",2000,"Gold",53.02,NA,"400 metres hurdles","Irina Privalova","Russia","Atlanta","USA"
"90",2000,"Gold",41.95,NA,"4×100 metres relay","Bahamas (BAH)Savatheda","FynesChandra SturrupPauline Davis-ThompsonDebbie FergusonEldece Lewis*","Atlanta","USA"
"91",2000,"Gold",NA,NA,"4×400 metres relay","United States","(USA)Jearl Miles-ClarkMonique HennaganLaTasha ColanderAndrea Anderson*[3]","Atlanta","USA"
"92",2000,"Gold",NA,"OR)","Marathon","Naoko Takahashi","Japan","Atlanta","USA"
"93",2000,"Gold",NA,"OR)","20 kilometres walk","Wang Liping","China","Atlanta","USA"
"94",2000,"Gold",NA,NA,"High jump","Yelena Yelesina","Russia","Atlanta","USA"
"95",2000,"Gold",NA,NA,"High jump","Yelena Yelesina","Russia","Atlanta","USA"
"96",2000,"Gold",NA,"OR)","Pole vault","Stacy Dragila","United States","Atlanta","USA"
"97",2000,"Gold",NA,NA,"Long jump","Heike Drechsler","Germany","Atlanta","USA"
"98",2000,"Gold",NA,NA,"Triple jump","Tereza Marinova","Bulgaria","Atlanta","USA"
"99",2000,"Gold",NA,NA,"Shot put","Yanina Karolchik","Belarus","Atlanta","USA"
"100",2000,"Gold",NA,NA,"Discus throw","Ellina Zvereva","Belarus","Atlanta","USA"
"101",2000,"Gold",NA,NA,"Hammer throw","Kamila Skolimowska","Poland","Atlanta","USA"
"102",2000,"Gold",NA,"OR)","Javelin throw","Trine Hattestad","Norway","Atlanta","USA"
"103",2000,"Gold",6584,NA,"Heptathlon","Denise Lewis","Great Britain","Atlanta","USA"
"104",1996,"Gold",10.94,NA,"100 metres","Gail Devers","United States","Atlanta","USA"
"105",1996,"Gold",22.12,NA,"200 metres","Marie-José Pérec","France","Atlanta","USA"
"106",1996,"Gold",48.25,"OR)","400 metres","Marie-José Pérec","France","Atlanta","USA"
"107",1996,"Gold",NA,NA,"800 metres","Svetlana Masterkova","Russia","Atlanta","USA"
"108",1996,"Gold",NA,NA,"1500 metres","Svetlana Masterkova","Russia","Atlanta","USA"
"109",1996,"Gold",NA,"OR)","5000 metres","Wang Junxia","China","Atlanta","USA"
"110",1996,"Gold",NA,"OR)","10,000 metres","Fernanda Ribeiro","Portugal","Atlanta","USA"
"111",1996,"Gold",12.58,NA,"100 metres hurdles","Ludmila Engquist","Sweden","Atlanta","USA"
"112",1996,"Gold",52.82,"OR)","400 metres hurdles","Deon Hemmings","Jamaica","Atlanta","USA"
"113",1996,"Gold",41.95,NA,"4×100 metres relay","United States","(USA)Chryste GainesGail DeversInger MillerGwen TorrenceCarlette Guidry*","Atlanta","USA"
"114",1996,"Gold",NA,NA,"4×400 metres relay","United States","(USA)Rochelle StevensMaicel Malone-WallaceKim GrahamJearl MilesLinetta Wilson*","Atlanta","USA"
"115",1996,"Gold",NA,NA,"Marathon","Fatuma Roba","Ethiopia","Atlanta","USA"
"116",1996,"Gold",NA,"OR)","10 kilometres walk","Yelena Nikolayeva","Russia","Atlanta","USA"
"117",1996,"Gold",NA,NA,"High jump","Stefka Kostadinova","Bulgaria","Atlanta","USA"
"118",1996,"Gold",NA,NA,"Long jump","Chioma Ajunwa","Nigeria","Atlanta","USA"
"119",1996,"Gold",NA,"OR)","Triple jump","Inessa Kravets","Ukraine","Atlanta","USA"
"120",1996,"Gold",NA,NA,"Shot put","Astrid Kumbernuss","Germany","Atlanta","USA"
"121",1996,"Gold",NA,NA,"Discus throw","Ilke Wyludda","Germany","Atlanta","USA"
"122",1996,"Gold",NA,NA,"Javelin throw","Heli Rantanen","Finland","Atlanta","USA"
"123",1996,"Gold",6780,NA,"Heptathlon","Ghada Shouaa","Syria","Atlanta","USA"
"124",1992,"Gold",10.82,NA,"100 metres","Gail Devers","United States","Barcelona","Spain"
"125",1992,"Gold",21.81,NA,"200 metres","Gwen Torrence","United States","Barcelona","Spain"
"126",1992,"Gold",48.83,NA,"400 metres","Marie-José Pérec","France","Barcelona","Spain"
"127",1992,"Gold",NA,NA,"800 metres","Ellen van","Langen Netherlands","Barcelona","Spain"
"128",1992,"Gold",NA,NA,"1500 metres","Hassiba Boulmerka","Algeria","Barcelona","Spain"
"129",1992,"Gold",NA,NA,"3000 metres","Yelena Romanova","Unified Team( Russia)","Barcelona","Spain"
"130",1992,"Gold",NA,NA,"10,000 metres","Derartu Tulu","Ethiopia","Barcelona","Spain"
"131",1992,"Gold",12.64,NA,"100 metres hurdles","Voula Patoulidou","Greece","Barcelona","Spain"
"132",1992,"Gold",53.23,NA,"400 metres hurdles","Sally Gunnell","Great Britain","Barcelona","Spain"
"133",1992,"Gold",42.11,NA,"4×100 metres relay","United States","(USA)Evelyn AshfordEsther JonesCarlette GuidryGwen TorrenceMichelle Finn*","Barcelona","Spain"
"134",1992,"Gold",NA,NA,"4×400 metres relay","Unified Team","(EUN)Yelena RuzinaLyudmila DzhigalovaOlga NazarovaOlga BryzginaLiliya Nurutdinova*Marina Shmonina*","Barcelona","Spain"
"135",1992,"Gold",NA,NA,"Marathon","Valentina Yegorova","Unified Team( Russia)","Barcelona","Spain"
"136",1992,"Gold",NA,NA,"10 kilometres walk","Chen Yueling","China","Barcelona","Spain"
"137",1992,"Gold",NA,NA,"High jump","Heike Henkel","Germany","Barcelona","Spain"
"138",1992,"Gold",NA,NA,"Long jump","Heike Drechsler","Germany","Barcelona","Spain"
"139",1992,"Gold",NA,NA,"Shot put","Svetlana Krivelyova","Unified Team( Russia)","Barcelona","Spain"
"140",1992,"Gold",NA,NA,"Discus throw","Maritza Martén","Cuba","Barcelona","Spain"
"141",1992,"Gold",NA,NA,"Javelin throw","Silke Renk","Germany","Barcelona","Spain"
"142",1992,"Gold",7044,NA,"Heptathlon","Jackie Joyner-Kersee","United States","Barcelona","Spain"
"143",1988,"Gold",10.54,"OR)","100 metres","Florence Griffith","Joyner United States","Seoul","South Korea"
"144",1988,"Gold",21.34,"WR)","200 metres","Florence Griffith","Joyner United States","Seoul","South Korea"
"145",1988,"Gold",48.65,NA,"400 metres","Olga Bryzgina","Soviet Union","Seoul","South Korea"
"146",1988,"Gold",NA,NA,"800 metres","Sigrun Wodars","East Germany","Seoul","South Korea"
"147",1988,"Gold",NA,"OR)","1500 metres","Paula Ivan","Romania","Seoul","South Korea"
"148",1988,"Gold",NA,NA,"3000 metres","Tetyana Samolenko","Soviet Union","Seoul","South Korea"
"149",1988,"Gold",NA,NA,"10,000 metres","Olga Bondarenko","Soviet Union","Seoul","South Korea"
"150",1988,"Gold",12.38,"OR)","100 metres hurdles","Yordanka Donkova","Bulgaria","Seoul","South Korea"
"151",1988,"Gold",53.17,NA,"400 metres hurdles","Debbie Flintoff-King","Australia","Seoul","South Korea"
"152",1988,"Gold",41.98,NA,"4×100 metres relay","United States","(USA)Alice BrownSheila EcholsFlorence Griffith JoynerEvelyn AshfordDannette Young*","Seoul","South Korea"
"153",1988,"Gold",NA,"WR)","4×400 metres relay","Soviet Union","(URS)Tatyana LedovskayaOlga NazarovaMariya PiniginaOlha BryzhinaLyudmyla Dzhyhalova*","Seoul","South Korea"
"154",1988,"Gold",NA,NA,"Marathon","Rosa Mota","Portugal","Seoul","South Korea"
"155",1988,"Gold",NA,NA,"High jump","Louise Ritter","United States","Seoul","South Korea"
"156",1988,"Gold",NA,"OR)","Long jump","Jackie Joyner-Kersee","United States","Seoul","South Korea"
"157",1988,"Gold",NA,NA,"Shot put","Natalya Lisovskaya","Soviet Union","Seoul","South Korea"
"158",1988,"Gold",NA,"OR)","Discus throw","Martina Hellmann","East Germany","Seoul","South Korea"
"159",1988,"Gold",NA,"OR)","Javelin throw","Petra Felke","East Germany","Seoul","South Korea"
"160",1988,"Gold",7291,"WR)","Heptathlon","Jackie Joyner-Kersee","United States","Seoul","South Korea"
"161",1984,"Gold",10.97,NA,"100 metres","Evelyn Ashford","United States","Los Angeles","USA"
"162",1984,"Gold",21.81,NA,"200 metres","Valerie Brisco-Hooks","United States","Los Angeles","USA"
"163",1984,"Gold",48.83,NA,"400 metres","Valerie Brisco-Hooks","United States","Los Angeles","USA"
"164",1984,"Gold",NA,NA,"800 metres","Doina Melinte","Romania","Los Angeles","USA"
"165",1984,"Gold",NA,NA,"1500 metres","Gabriella Dorio","Italy","Los Angeles","USA"
"166",1984,"Gold",NA,NA,"3000 metres","Maricica Puică","Romania","Los Angeles","USA"
"167",1984,"Gold",12.84,NA,"100 metres hurdles","Benita Fitzgerald","United States","Los Angeles","USA"
"168",1984,"Gold",12.84,NA,"100 metres hurdles","Benita Fitzgerald","United States","Los Angeles","USA"
"169",1984,"Gold",54.61,NA,"400 metres hurdles","Nawal El","Moutawakel Morocco","Los Angeles","USA"
"170",1984,"Gold",41.65,NA,"4×100 metres relay","United States","(USA)Alice BrownJeanette BoldenChandra CheeseboroughEvelyn Ashford","Los Angeles","USA"
"171",1984,"Gold",NA,NA,"4×400 metres relay","United States","(USA)Lillie LeatherwoodSherri HowardValerie Brisco-HooksChandra CheeseboroughDiane Dixon*Denean Howard*","Los Angeles","USA"
"172",1984,"Gold",NA,NA,"Marathon","Joan Benoit","United States","Los Angeles","USA"
"173",1984,"Gold",NA,NA,"High jump","Ulrike Meyfarth","West Germany","Los Angeles","USA"
"174",1984,"Gold",NA,NA,"Long jump","Anişoara Cuşmir-Stanciu","Romania","Los Angeles","USA"
"175",1984,"Gold",NA,NA,"Shot put","Claudia Losch","West Germany","Los Angeles","USA"
"176",1984,"Gold",NA,NA,"Discus throw","Ria Stalman","Netherlands","Los Angeles","USA"
"177",1984,"Gold",NA,NA,"Javelin throw","Tessa Sanderson","Great Britain","Los Angeles","USA"
"178",1984,"Gold",6390,NA,"Heptathlon","Glynis Nunn","Australia","Los Angeles","USA"
"179",1980,"Gold",11.06,NA,"100 metres","Lyudmila Kondratyeva","Soviet Union","Moscow","Russia"
"180",1980,"Gold",22.03,NA,"200 metres","Bärbel Wöckel","East Germany","Moscow","Russia"
"181",1980,"Gold",48.88,NA,"400 metres","Marita Koch","East Germany","Moscow","Russia"
"182",1980,"Gold",NA,NA,"800 metres","Nadiya Olizarenko","Soviet Union","Moscow","Russia"
"183",1980,"Gold",NA,NA,"1500 metres","Tatyana Kazankina","Soviet Union","Moscow","Russia"
"184",1980,"Gold",12.56,NA,"100 metres hurdles","Vera Komisova","Soviet Union","Moscow","Russia"
"185",1980,"Gold",41.6,NA,"4×100 metres relay","East Germany","(GDR)Romy MüllerBärbel WöckelIngrid AuerswaldMarlies Göhr","Moscow","Russia"
"186",1980,"Gold",NA,NA,"4×400 metres relay","Soviet Union","(URS)Tatyana ProrochenkoTatyana GoyshchikNina ZiuskovaIrina Nazarova","Moscow","Russia"
"187",1980,"Gold",NA,NA,"High jump","Sara Simeoni","Italy","Moscow","Russia"
"188",1980,"Gold",NA,NA,"Long jump","Tatyana Kolpakova","Soviet Union","Moscow","Russia"
"189",1980,"Gold",NA,NA,"Shot put","Ilona Slupianek","East Germany","Moscow","Russia"
"190",1980,"Gold",NA,NA,"Discus throw","Evelin Jahl","East Germany","Moscow","Russia"
"191",1980,"Gold",NA,NA,"Javelin throw","María Caridad","Colón Cuba","Moscow","Russia"
"192",1980,"Gold",5083,NA,"Pentathlon","Nadiya Tkachenko","Soviet Union","Moscow","Russia"
"193",1976,"Gold",11.08,NA,"100 metres","Annegret Richter","West Germany","Montreal","Canada"
"194",1976,"Gold",22.37,NA,"200 metres","Bärbel Eckert","East Germany","Montreal","Canada"
"195",1976,"Gold",49.28,NA,"400 metres","Irena Szewińska","Poland","Montreal","Canada"
"196",1976,"Gold",NA,NA,"800 metres","Tatyana Kazankina","Soviet Union","Montreal","Canada"
"197",1976,"Gold",NA,NA,"1500 metres","Tatyana Kazankina","Soviet Union","Montreal","Canada"
"198",1976,"Gold",12.77,NA,"100 metres hurdles","Johanna Schaller","East Germany","Montreal","Canada"
"199",1976,"Gold",42.55,NA,"4×100 metres relay","East Germany","(GDR)Marlies OelsnerRenate StecherCarla BodendorfBärbel Eckert","Montreal","Canada"
"200",1976,"Gold",NA,NA,"4×400 metres relay","East Germany","(GDR)Doris MaletzkiBrigitte RohdeEllen StreidtChristina Brehmer","Montreal","Canada"
"201",1976,"Gold",NA,NA,"High jump","Rosemarie Ackermann","East Germany","Montreal","Canada"
"202",1976,"Gold",NA,NA,"Long jump","Angela Voigt","East Germany","Montreal","Canada"
"203",1976,"Gold",NA,NA,"Shot put","Ivanka Khristova","Bulgaria","Montreal","Canada"
"204",1976,"Gold",NA,NA,"Discus throw","Evelin Schlaak","East Germany","Montreal","Canada"
"205",1976,"Gold",NA,NA,"Javelin throw","Ruth Fuchs","East Germany","Montreal","Canada"
"206",1976,"Gold",4745,NA,"Pentathlon","Siegrun Siegl","East Germany","Montreal","Canada"
"207",1972,"Gold",11.07,"WR)","100 metres","Renate Stecher","East Germany","Munich","Germany"
"208",1972,"Gold",22.4,"=WR)","200 metres","Renate Stecher","East Germany","Munich","Germany"
"209",1972,"Gold",51.08,NA,"400 metres","Monika Zehrt","East Germany","Munich","Germany"
"210",1972,"Gold",NA,"OR)","800 metres","Hildegard Falck","West Germany","Munich","Germany"
"211",1972,"Gold",NA,"WR)","1500 metres","Ludmila Bragina","Soviet Union","Munich","Germany"
"212",1972,"Gold",12.59,"WR)","100 metres hurdles","Annelie Ehrhardt","East Germany","Munich","Germany"
"213",1972,"Gold",42.81,NA,"4×100 metres relay","West Germany","(FRG)Christiane KrauseIngrid BeckerAnnegret RichterHeide Rosendahl","Munich","Germany"
"214",1972,"Gold",NA,NA,"4×400 metres relay","East Germany","(GDR)Dagmar KäslingRita KühneHelga SeidlerMonika Zehrt","Munich","Germany"
"215",1972,"Gold",1.92,"=WR)","High jump","Ulrike Meyfarth","West Germany","Munich","Germany"
"216",1972,"Gold",6.78,NA,"Long jump","Heide Rosendahl","West Germany","Munich","Germany"
"217",1972,"Gold",21.03,"WR)","Shot put","Nadezhda Chizhova","Soviet Union","Munich","Germany"
"218",1972,"Gold",66.62,"OR)","Discus throw","Faina Melnik","Soviet Union","Munich","Germany"
"219",1972,"Gold",63.88,"OR)","Javelin throw","Ruth Fuchs","East Germany","Munich","Germany"
"220",1972,"Gold",4801,"WR)","Pentathlon","Mary Peters","Great Britain","Munich","Germany"
"221",1968,"Gold",11.08,NA,"100 metres","Wyomia Tyus","United States","Mexico City","Mexico"
"222",1968,"Gold",22.58,NA,"200 metres","Irena Szewińska","Poland","Mexico City","Mexico"
"223",1968,"Gold",52.03,NA,"400 metres","Colette Besson","France","Mexico City","Mexico"
"224",1968,"Gold",NA,NA,"800 metres","Madeline Manning","United States","Mexico City","Mexico"
"225",1968,"Gold",10.39,NA,"80 metres hurdles","Maureen Caird","Australia","Mexico City","Mexico"
"226",1968,"Gold",42.88,NA,"4×100 metres relay","United States","(USA)Margaret BailesBarbara FerrellMildrette NetterWyomia Tyus","Mexico City","Mexico"
"227",1968,"Gold",1.82,NA,"High jump","Miloslava Rezková","Czechoslovakia","Mexico City","Mexico"
"228",1968,"Gold",6.82,NA,"Long jump","Viorica Viscopoleanu","Romania","Mexico City","Mexico"
"229",1968,"Gold",19.61,NA,"Shot put","Margitta Gummel","East Germany","Mexico City","Mexico"
"230",1968,"Gold",58.28,NA,"Discus throw","Lia Manoliu","Romania","Mexico City","Mexico"
"231",1968,"Gold",60.36,NA,"Javelin throw","Angéla Németh","Hungary","Mexico City","Mexico"
"232",1968,"Gold",5098,NA,"Pentathlon","Ingrid Becker","West Germany","Mexico City","Mexico"
"233",1964,"Gold",11.4,NA,"100 metres","Wyomia Tyus","United States","Tokyo","Japan"
"234",1964,"Gold",23,"OR)","200 metres","Edith McGuire","United States","Tokyo","Japan"
"235",1964,"Gold",52,"OR)","400 metres","Betty Cuthbert","Australia","Tokyo","Japan"
"236",1964,"Gold",NA,"WR)","800 metres","Ann Packer","Great Britain","Tokyo","Japan"
"237",1964,"Gold",10.5,NA,"80 metres hurdles","Karin Balzer","United Team of Germany","Tokyo","Japan"
"238",1964,"Gold",43.6,"WR)","4×100 metres relay","Poland (POL)Teresa","CiepłyIrena KirszensteinHalina GóreckaEwa Kłobukowska","Tokyo","Japan"
"239",1964,"Gold",1.9,"OR)","High jump","Iolanda Balaş","Romania","Tokyo","Japan"
"240",1964,"Gold",6.76,"WR)","Long jump","Mary Rand","Great Britain","Tokyo","Japan"
"241",1964,"Gold",18.14,"OR)","Shot put","Tamara Press","Soviet Union","Tokyo","Japan"
"242",1964,"Gold",57.27,"OR)","Discus throw","Tamara Press","Soviet Union","Tokyo","Japan"
"243",1964,"Gold",60.54,NA,"Javelin throw","Mihaela Peneş","Romania","Tokyo","Japan"
"244",1964,"Gold",5246,"WR)","Pentathlon","Irina Press","Soviet Union","Tokyo","Japan"
"245",1960,"Gold",11,NA,"100 metres","Wilma Rudolph","United States","Rome","Italy"
"246",1960,"Gold",24,NA,"200 metres","Wilma Rudolph","United States","Rome","Italy"
"247",1960,"Gold",NA,"=WR)","800 metres","Lyudmila Shevtsova","Soviet Union","Rome","Italy"
"248",1960,"Gold",10.8,NA,"80 metres hurdles","Irina Press","Soviet Union","Rome","Italy"
"249",1960,"Gold",44.5,NA,"4×100 metres relay","United States","(USA)Martha HudsonLucinda WilliamsBarbara JonesWilma Rudolph","Rome","Italy"
"250",1960,"Gold",1.85,"OR)","High jump","Iolanda Balaș","Romania","Rome","Italy"
"251",1960,"Gold",1.85,"OR)","High jump","Iolanda Balaș","Romania","Rome","Italy"
"252",1960,"Gold",6.37,"OR)","Long jump","Vera Krepkina","Soviet Union","Rome","Italy"
"253",1960,"Gold",17.32,"OR)","Shot put","Tamara Press","Soviet Union","Rome","Italy"
"254",1960,"Gold",55.1,"OR)","Discus throw","Nina Ponomaryova","Soviet Union","Rome","Italy"
"255",1960,"Gold",55.98,"OR)","Javelin throw","Elvīra Ozoliņa","Soviet Union","Rome","Italy"
"256",1956,"Gold",11.5,NA,"100 metres","Betty Cuthbert","Australia","Melbourne","Australia"
"257",1956,"Gold",23.4,"=OR)","200 metres","Betty Cuthbert","Australia","Melbourne","Australia"
"258",1956,"Gold",10.7,"OR)","80 metres hurdles","Shirley Strickland","de la Hunty Australia","Melbourne","Australia"
"259",1956,"Gold",44.5,"WR)","4 × 100 metres relay","Australia (AUS)Norma","CrokerBetty CuthbertFleur MellorShirley Strickland de la Hunty","Melbourne","Australia"
"260",1956,"Gold",1.76,"WR)","High jump","Mildred McDaniel","United States","Melbourne","Australia"
"261",1956,"Gold",6.35,"=WR)","Long jump","Elżbieta Krzesińska","Poland","Melbourne","Australia"
"262",1956,"Gold",16.59,"OR)","Shot put","Tamara Tyshkevich","Soviet Union","Melbourne","Australia"
"263",1956,"Gold",53.69,"OR)","Discus throw","Olga Fikotová","Czechoslovakia","Melbourne","Australia"
"264",1956,"Gold",53.86,"OR)","Javelin throw","Inese Jaunzeme","Soviet Union","Melbourne","Australia"
"265",1952,"Gold",11.5,NA,"100 metres","Marjorie Jackson","Australia","Helsinki","Finland"
"266",1952,"Gold",23.7,NA,"200 metres","Marjorie Jackson","Australia","Helsinki","Finland"
"267",1952,"Gold",10.9,NA,"80 metres hurdles","Shirley Strickland","de la Hunty Australia","Helsinki","Finland"
"268",1952,"Gold",45.9,NA,"4 × 100 metres relay","United States","(USA)Mae FaggsBarbara JonesJanet MoreauCatherine Hardy","Helsinki","Finland"
"269",1952,"Gold",NA,NA,"High jump","Esther Brand","South Africa","Helsinki","Finland"
"270",1952,"Gold",NA,NA,"Long jump","Yvette Williams","New Zealand","Helsinki","Finland"
"271",1952,"Gold",NA,NA,"Shot put","Galina Zybina","Soviet Union","Helsinki","Finland"
"272",1952,"Gold",NA,NA,"Discus throw","Nina Romashkova","Soviet Union","Helsinki","Finland"
"273",1952,"Gold",NA,NA,"Javelin throw","Dana Zátopková","Czechoslovakia","Helsinki","Finland"
"274",1948,"Gold",11.9,NA,"100 metres","Fanny Blankers-Koen","Netherlands","London","Great Britain"
"275",1948,"Gold",24.4,NA,"200 metres","Fanny Blankers-Koen","Netherlands","London","Great Britain"
"276",1948,"Gold",11.2,NA,"80 metres hurdles","Fanny Blankers-Koen","Netherlands","London","Great Britain"
"277",1948,"Gold",47.5,NA,"4 × 100 metres relay","Netherlands (NED)Xenia","Stad-de JongNetty Witziers-TimmerGerda van der Kade-KoudijsFanny Blankers-Koen","London","Great Britain"
"278",1948,"Gold",1.68,NA,"High jump","Alice Coachman","United States","London","Great Britain"
"279",1948,"Gold",5.695,NA,"Long jump","Olga Gyarmati","Hungary","London","Great Britain"
"280",1948,"Gold",13.75,NA,"Shot put","Micheline Ostermeyer","France","London","Great Britain"
"281",1948,"Gold",41.92,NA,"Discus throw","Micheline Ostermeyer","France","London","Great Britain"
"282",1948,"Gold",45.57,NA,"Javelin throw","Herma Bauma","Austria","London","Great Britain"
"283",1936,"Gold",11.5,NA,"100 metres","Helen Stephens","United States","Berlin","Germany"
"284",1936,"Gold",11.7,NA,"80 metres hurdles","Trebisonda Valla","Italy","Berlin","Germany"
"285",1936,"Gold",46.9,NA,"4 × 100 metres relay","United States","(USA)Harriet BlandAnnette RogersBetty RobinsonHelen Stephens","Berlin","Germany"
"286",1936,"Gold",1.6,NA,"High jump","Ibolya Csák","Hungary","Berlin","Germany"
"287",1936,"Gold",47.63,NA,"Discus throw","Gisela Mauermayer","Germany","Berlin","Germany"
"288",1936,"Gold",45.18,NA,"Javelin throw","Tilly Fleischer","Germany","Berlin","Germany"
"289",2016,"Silver",10.83,NA,"100 metres","Tori Bowie","United States","Rio de Janeiro","Brazil"
"290",2016,"Silver",21.88,NA,"200 metres","Dafne Schippers","Netherlands","Rio de Janeiro","Brazil"
"291",2016,"Silver",49.51,NA,"400 metres","Allyson Felix","United States","Rio de Janeiro","Brazil"
"292",2016,"Silver",NA,NA,"800 metres","Francine Niyonsaba","Burundi","Rio de Janeiro","Brazil"
"293",2016,"Silver",NA,NA,"1500 metres","Genzebe Dibaba","Ethiopia","Rio de Janeiro","Brazil"
"294",2016,"Silver",NA,NA,"5000 metres","Hellen Onsando","Obiri Kenya","Rio de Janeiro","Brazil"
"295",2016,"Silver",NA,NA,"10,000 metres","Vivian Cheruiyot","Kenya","Rio de Janeiro","Brazil"
"296",2016,"Silver",NA,NA,""," NA",NA,"Rio de Janeiro","Brazil"
"297",2016,"Silver",12.59,NA,"100 metres hurdles","Nia Ali","United States","Rio de Janeiro","Brazil"
"298",2016,"Silver",53.55,NA,"400 metres hurdles","Sara Petersen","Denmark","Rio de Janeiro","Brazil"
"299",2016,"Silver",NA,NA,"3000 metres steeplechase","Hyvin Jepkemoi","Kenya","Rio de Janeiro","Brazil"
"300",2016,"Silver",NA,NA,""," NA",NA,"Rio de Janeiro","Brazil"
"301",2016,"Silver",41.36,NA,"4 × 100 metres relay","Jamaica (JAM)Christania","WilliamsElaine ThompsonVeronica Campbell-BrownShelly-Ann Fraser-PryceSimone Facey*Sashalee Forbes*","Rio de Janeiro","Brazil"
"302",2016,"Silver",NA,NA,"4 × 400 metres relay","Jamaica (JAM)Stephenie","Ann McPhersonAnneisha McLaughlin-WhilbyShericka JacksonNovlene Williams-MillsChristine Day*Chrisann Gordon*","Rio de Janeiro","Brazil"
"303",2016,"Silver",NA,NA,""," NA",NA,"Rio de Janeiro","Brazil"
"304",2016,"Silver",NA,NA,"Marathon","Eunice Kirwa","Bahrain","Rio de Janeiro","Brazil"
"305",2016,"Silver",NA,NA,"20 kilometres walk","María Guadalupe","González Mexico","Rio de Janeiro","Brazil"
"306",2016,"Silver",NA,NA,""," NA",NA,"Rio de Janeiro","Brazil"
"307",2016,"Silver",1.97,NA,"High jump","Mirela Demireva","Bulgaria","Rio de Janeiro","Brazil"
"308",2016,"Silver",4.85,NA,"Pole vault","Sandi Morris","United States","Rio de Janeiro","Brazil"
"309",2016,"Silver",7.15,NA,"Long jump","Britney Reese","United States","Rio de Janeiro","Brazil"
"310",2016,"Silver",14.98,NA,"Triple jump","Yulimar Rojas","Venezuela","Rio de Janeiro","Brazil"
"311",2016,"Silver",20.42,NA,"Shot put","Valerie Adams","New Zealand","Rio de Janeiro","Brazil"
"312",2016,"Silver",66.73,NA,"Discus throw","Mélina Robert-Michon","France","Rio de Janeiro","Brazil"
"313",2016,"Silver",76.75,NA,"Hammer throw","Zhang Wenxiu","China","Rio de Janeiro","Brazil"
"314",2016,"Silver",64.92,NA,"Javelin throw","Sunette Viljoen","South Africa","Rio de Janeiro","Brazil"
"315",2016,"Silver",NA,NA,""," NA",NA,"Rio de Janeiro","Brazil"
"316",2016,"Silver",6775,NA,"Heptathlon","Jessica Ennis-Hill","Great Britain","Rio de Janeiro","Brazil"
"317",2012,"Silver",10.78,NA,"100 metres","Carmelita Jeter","United States","London","Great Britain"
"318",2012,"Silver",22.09,NA,"200 metres","Shelly-Ann Fraser-Pryce","Jamaica","London","Great Britain"
"319",2012,"Silver",49.7,NA,"400 metres","Christine Ohuruogu","Great Britain","London","Great Britain"
"320",2012,"Silver",NA,NA,"800 metres  [e]","Ekaterina Poistogova","Russia","London","Great Britain"
"321",2012,"Silver",NA,NA,"1500 metres [f]","Tatyana Tomashova","Russia","London","Great Britain"
"322",2012,"Silver",NA,NA,"5000 metres","Vivian Cheruiyot","Kenya","London","Great Britain"
"323",2012,"Silver",NA,NA,"10,000 metres","Sally Kipyego","Kenya","London","Great Britain"
"324",2012,"Silver",NA,NA,""," NA",NA,"London","Great Britain"
"325",2012,"Silver",12.37,NA,"100 metres hurdles","Dawn Harper","United States","London","Great Britain"
"326",2012,"Silver",52.77,NA,"400 metres hurdles","Lashinda Demus","United States","London","Great Britain"
"327",2012,"Silver",NA,NA,"3000 metres steeplechase [g]","Sofia Assefa","Ethiopia","London","Great Britain"
"328",2012,"Silver",NA,NA,""," NA",NA,"London","Great Britain"
"329",2012,"Silver",41.41,NA,"4 × 100 m relay","Jamaica (JAM)Shelly-Ann","Fraser-PryceSherone SimpsonVeronica Campbell-BrownKerron StewartSamantha Henry-Robinson*Schillonie Calvert*","London","Great Britain"
"330",2012,"Silver",NA,NA,"4 × 400 m relay [h]","Jamaica (JAM)Christine","DayRosemarie WhyteShericka WilliamsNovlene Williams-MillsShereefa Lloyd*","London","Great Britain"
"331",2012,"Silver",NA,NA,""," NA",NA,"London","Great Britain"
"332",2012,"Silver",NA,NA,"Marathon","Priscah Jeptoo","Kenya","London","Great Britain"
"333",2012,"Silver",NA,NA,"20 kilometres walk [i]","Qieyang Shenjie","China","London","Great Britain"
"334",2012,"Silver",NA,NA,""," NA",NA,"London","Great Britain"
"335",2012,"Silver",2.03,NA,"High jump [j]","Brigetta Barrett","United States","London","Great Britain"
"336",2012,"Silver",4.75,NA,"Pole vault","Yarisley Silva","Cuba","London","Great Britain"
"337",2012,"Silver",7.07,NA,"Long jump","Yelena Sokolova","Russia","London","Great Britain"
"338",2012,"Silver",14.8,NA,"Triple jump","Caterine Ibargüen","Colombia","London","Great Britain"
"339",2012,"Silver",20.22,NA,"Shot put [k]","Gong Lijiao","China","London","Great Britain"
"340",2012,"Silver",67.22,NA,"Discus throw [l]","Li Yanfeng","China","London","Great Britain"
"341",2012,"Silver",77.13,NA,"Hammer throw [m]","Betty Heidler","Germany","London","Great Britain"
"342",2012,"Silver",65.16,NA,"Javelin throw","Christina Obergföll","Germany","London","Great Britain"
"343",2012,"Silver",NA,NA,""," NA",NA,"London","Great Britain"
"344",2012,"Silver",6649,NA,"Heptathlon [n]","Lilli Schwarzkopf","Germany","London","Great Britain"
"345",2008,"Silver",10.98,NA,"100 metres ","Sherone Simpson","Jamaica Kerron Stewart Jamaica","Beijing","China"
"346",2008,"Silver",21.93,NA,"200 metres ","Allyson Felix","United States","Beijing","China"
"347",2008,"Silver",49.69,NA,"400 metres ","Shericka Williams","Jamaica","Beijing","China"
"348",2008,"Silver",NA,NA,"800 metres ","Janeth Jepkosgei","Busienei Kenya","Beijing","China"
"349",2008,"Silver",NA,NA,"1500 metres ","Iryna Lishchynska","Ukraine","Beijing","China"
"350",2008,"Silver",NA,NA,"5000 metres   [g]","Meseret Defar","Ethiopia","Beijing","China"
"351",2008,"Silver",NA,NA,"10,000 metres   [h]","Shalane Flanagan","United States","Beijing","China"
"352",2008,"Silver",12.64,NA,"100 metres hurdles ","Sally Pearson","Australia","Beijing","China"
"353",2008,"Silver",53.7,NA,"400 metres hurdles ","Sheena Tosta","United States","Beijing","China"
"354",2008,"Silver",NA,NA,"3000 metres steeplechase  [i]","Eunice Jepkorir","Kenya","Beijing","China"
"355",2008,"Silver",43.04,NA,"4×100 metres relay [j]","NigeriaFranca IdokoGloria","KemasuodeHalimat IsmailaOludamola OsayomiAgnes Osazuwa*","Beijing","China"
"356",2008,"Silver",NA,NA,"4×400 metres relay  [k]","JamaicaShericka WilliamsShereefa","LloydRosemarie WhyteNovelene WilliamsBobby-Gaye Wilkins*","Beijing","China"
"357",2008,"Silver",NA,NA,"Marathon ","Catherine Ndereba","Kenya","Beijing","China"
"358",2008,"Silver",NA,NA,"20 kilometres walk ","Kjersti Tysse","Plätzer Norway","Beijing","China"
"359",2008,"Silver",NA,NA,"High jump  [l]","Blanka Vlašić","Croatia","Beijing","China"
"360",2008,"Silver",NA,NA,"Pole vault ","Jennifer Stuczynski","United States","Beijing","China"
"361",2008,"Silver",NA,NA,"Long jump  [m]","Blessing Okagbare","Nigeria","Beijing","China"
"362",2008,"Silver",NA,NA,"Triple jump  [n]","Olga Rypakova","Kazakhstan","Beijing","China"
"363",2008,"Silver",NA,NA,"Shot put  [o]","Misleydis González","Cuba","Beijing","China"
"364",2008,"Silver",NA,NA,"Discus throw  [p]","Olena Antonova","Ukraine","Beijing","China"
"365",2008,"Silver",NA,NA,"Hammer throw  [q]","Zhang Wenxiu","China","Beijing","China"
"366",2008,"Silver",NA,NA,"Javelin throw  [r]","Christina Obergföll","Germany","Beijing","China"
"367",2008,"Silver",6619,NA,"Heptathlon  [s]","Hyleas Fountain","United States","Beijing","China"
"368",2000,"Silver",11.12,NA,"100 metres","Ekaterini Thanou","Greece","Atlanta","USA"
"369",2000,"Silver",11.18,NA,"100 metres","Tayna Lawrence","Jamaica","Atlanta","USA"
"370",2000,"Silver",22.28,"NR)","200 metres","Susanthika Jayasinghe","Sri Lanka","Atlanta","USA"
"371",2000,"Silver",49.58,NA,"400 metres","Lorraine Graham","Jamaica","Atlanta","USA"
"372",2000,"Silver",NA,NA,"800 metres","Stephanie Graf","Austria","Atlanta","USA"
"373",2000,"Silver",NA,NA,"1500 metres","Violeta Beclea","Romania","Atlanta","USA"
"374",2000,"Silver",NA,"NR)","5000 metres","Sonia O'Sullivan","Ireland","Atlanta","USA"
"375",2000,"Silver",NA,NA,"10,000 metres","Gete Wami","Ethiopia","Atlanta","USA"
"376",2000,"Silver",12.68,NA,"100 metres hurdles","Glory Alozie","Nigeria","Atlanta","USA"
"377",2000,"Silver",53.45,NA,"400 metres hurdles","Deon Hemmings","Jamaica","Atlanta","USA"
"378",2000,"Silver",42.13,NA,"4×100 metres relay","Jamaica (JAM)Tayna","LawrenceVeronica CampbellBeverly McDonaldMerlene OtteyMerlene Frazer*","Atlanta","USA"
"379",2000,"Silver",NA,NA,"4×400 metres relay","Jamaica (JAM)Sandie","RichardsCatherine ScottDeon HemmingsLorraine GrahamCharmaine Howell*Michelle Burgher*","Atlanta","USA"
"380",2000,"Silver",NA,NA,"Marathon","Lidia Șimon","Romania","Atlanta","USA"
"381",2000,"Silver",NA,NA,"20 kilometres walk","Kjersti Plätzer","Norway","Atlanta","USA"
"382",2000,"Silver",NA,NA,"High jump","Hestrie Cloete","South Africa","Atlanta","USA"
"383",2000,"Silver",NA,NA,"High jump","Hestrie Cloete","South Africa","Atlanta","USA"
"384",2000,"Silver",NA,NA,"Pole vault","Tatiana Grigorieva","Australia","Atlanta","USA"
"385",2000,"Silver",NA,NA,"Long jump","Fiona May","Italy","Atlanta","USA"
"386",2000,"Silver",NA,NA,"Triple jump","Tatyana Lebedeva","Russia","Atlanta","USA"
"387",2000,"Silver",NA,NA,"Shot put","Larisa Peleshenko","Russia","Atlanta","USA"
"388",2000,"Silver",NA,NA,"Discus throw","Anastasía Kelesídou","Greece","Atlanta","USA"
"389",2000,"Silver",NA,NA,"Hammer throw","Olga Kuzenkova","Russia","Atlanta","USA"
"390",2000,"Silver",NA,NA,"Javelin throw","Mirela Maniani-Tzelili","Greece","Atlanta","USA"
"391",2000,"Silver",6531,NA,"Heptathlon","Yelena Prokhorova","Russia","Atlanta","USA"
"392",1996,"Silver",10.94,NA,"100 metres","Merlene Ottey","Jamaica","Atlanta","USA"
"393",1996,"Silver",22.24,NA,"200 metres","Merlene Ottey","Jamaica","Atlanta","USA"
"394",1996,"Silver",48.63,NA,"400 metres","Cathy Freeman","Australia","Atlanta","USA"
"395",1996,"Silver",NA,NA,"800 metres","Ana Fidelia","Quirot Cuba","Atlanta","USA"
"396",1996,"Silver",NA,NA,"1500 metres","Gabriela Szabo","Romania","Atlanta","USA"
"397",1996,"Silver",NA,NA,"5000 metres","Pauline Konga","Kenya","Atlanta","USA"
"398",1996,"Silver",NA,NA,"10,000 metres","Wang Junxia","China","Atlanta","USA"
"399",1996,"Silver",12.59,NA,"100 metres hurdles","Brigita Bukovec","Slovenia","Atlanta","USA"
"400",1996,"Silver",53.08,NA,"400 metres hurdles","Kim Batten","United States","Atlanta","USA"
"401",1996,"Silver",42.14,NA,"4×100 metres relay","Bahamas (BAH)Eldece","ClarkeChandra SturrupSavatheda FynesPauline Davis-ThompsonDebbie Ferguson*","Atlanta","USA"
"402",1996,"Silver",NA,NA,"4×400 metres relay","Nigeria (NGR)Olabisi","AfolabiFatima YusufCharity OparaFalilat Ogunkoya","Atlanta","USA"
"403",1996,"Silver",NA,NA,"Marathon","Valentina Yegorova","Russia","Atlanta","USA"
"404",1996,"Silver",NA,NA,"10 kilometres walk","Elisabetta Perrone","Italy","Atlanta","USA"
"405",1996,"Silver",NA,NA,"High jump","Niki Bakoyianni","Greece","Atlanta","USA"
"406",1996,"Silver",NA,NA,"Long jump","Fiona May","Italy","Atlanta","USA"
"407",1996,"Silver",NA,NA,"Triple jump","Inna Lasovskaya","Russia","Atlanta","USA"
"408",1996,"Silver",NA,NA,"Shot put","Sui Xinmei","China","Atlanta","USA"
"409",1996,"Silver",NA,NA,"Discus throw","Natalya Sadova","Russia","Atlanta","USA"
"410",1996,"Silver",NA,NA,"Javelin throw","Louise McPaul","Australia","Atlanta","USA"
"411",1996,"Silver",6563,NA,"Heptathlon","Natallia Sazanovich","Belarus","Atlanta","USA"
"412",1992,"Silver",10.83,NA,"100 metres","Juliet Cuthbert","Jamaica","Barcelona","Spain"
"413",1992,"Silver",22.02,NA,"200 metres","Juliet Cuthbert","Jamaica","Barcelona","Spain"
"414",1992,"Silver",49.05,NA,"400 metres","Olga Bryzgina","Unified Team( Ukraine)","Barcelona","Spain"
"415",1992,"Silver",NA,NA,"800 metres","Liliya Nurutdinova","Unified Team( Russia)","Barcelona","Spain"
"416",1992,"Silver",NA,NA,"1500 metres","Lyudmila Rogachova","Unified Team( Russia)","Barcelona","Spain"
"417",1992,"Silver",NA,NA,"3000 metres","Tetyana Dorovskikh","Unified Team( Ukraine)","Barcelona","Spain"
"418",1992,"Silver",NA,NA,"10,000 metres","Elana Meyer","South Africa","Barcelona","Spain"
"419",1992,"Silver",12.69,NA,"100 metres hurdles","LaVonna Martin","United States","Barcelona","Spain"
"420",1992,"Silver",53.69,NA,"400 metres hurdles","Sandra Farmer-Patrick","United States","Barcelona","Spain"
"421",1992,"Silver",42.16,NA,"4×100 metres relay","Unified Team","(EUN)Olga BogoslovskayaGalina MalchuginaMarina TrandenkovaIrina Privalova","Barcelona","Spain"
"422",1992,"Silver",NA,NA,"4×400 metres relay","United States","(USA)Natasha KaiserGwen TorrenceJearl MilesRochelle StevensDenean Hill*Dannette Young*","Barcelona","Spain"
"423",1992,"Silver",NA,NA,"Marathon","Yuko Arimori","Japan","Barcelona","Spain"
"424",1992,"Silver",NA,NA,"10 kilometres walk","Yelena Nikolayeva","Unified Team( Russia)","Barcelona","Spain"
"425",1992,"Silver",NA,NA,"High jump","Galina Astafei","Romania","Barcelona","Spain"
"426",1992,"Silver",NA,NA,"Long jump","Inessa Kravets","Unified Team( Ukraine)","Barcelona","Spain"
"427",1992,"Silver",NA,NA,"Shot put","Huang Zhihong","China","Barcelona","Spain"
"428",1992,"Silver",NA,NA,"Discus throw","Tsvetanka Khristova","Bulgaria","Barcelona","Spain"
"429",1992,"Silver",NA,NA,"Javelin throw","Natalya Shikolenko","Unified Team( Belarus)","Barcelona","Spain"
"430",1992,"Silver",6845,NA,"Heptathlon","Irina Belova","Unified Team( Russia)","Barcelona","Spain"
"431",1988,"Silver",10.83,NA,"100 metres","Evelyn Ashford","United States","Seoul","South Korea"
"432",1988,"Silver",21.72,NA,"200 metres","Grace Jackson","Jamaica","Seoul","South Korea"
"433",1988,"Silver",49.45,NA,"400 metres","Petra Müller","East Germany","Seoul","South Korea"
"434",1988,"Silver",NA,NA,"800 metres","Christine Wachtel","East Germany","Seoul","South Korea"
"435",1988,"Silver",NA,NA,"1500 metres","Laimutė Baikauskaitė","Soviet Union","Seoul","South Korea"
"436",1988,"Silver",NA,NA,"3000 metres","Paula Ivan","Romania","Seoul","South Korea"
"437",1988,"Silver",NA,NA,"10,000 metres","Liz McColgan","Great Britain","Seoul","South Korea"
"438",1988,"Silver",12.61,NA,"100 metres hurdles","Gloria Siebert","East Germany","Seoul","South Korea"
"439",1988,"Silver",53.18,NA,"400 metres hurdles","Tatyana Ledovskaya","Soviet Union","Seoul","South Korea"
"440",1988,"Silver",42.09,NA,"4×100 metres relay","East Germany","(GDR)Silke Gladisch-MöllerKerstin BehrendtIngrid LangeMarlies Oelsner-Gohr","Seoul","South Korea"
"441",1988,"Silver",NA,"AR)","4×400 metres relay","United States","(USA)Denean HowardDiane DixonValerie Brisco-HooksFlorence Griffith JoynerSherri Howard*Lillie Leatherwood*","Seoul","South Korea"
"442",1988,"Silver",NA,NA,"Marathon","Lisa Martin-Ondieki","Australia","Seoul","South Korea"
"443",1988,"Silver",NA,NA,"High jump","Stefka Kostadinova","Bulgaria","Seoul","South Korea"
"444",1988,"Silver",NA,NA,"Long jump","Heike Drechsler","East Germany","Seoul","South Korea"
"445",1988,"Silver",NA,NA,"Shot put","Kathrin Neimke","East Germany","Seoul","South Korea"
"446",1988,"Silver",NA,NA,"Discus throw","Diana Gansky","East Germany","Seoul","South Korea"
"447",1988,"Silver",NA,NA,"Javelin throw","Fatima Whitbread","Great Britain","Seoul","South Korea"
"448",1988,"Silver",6897,NA,"Heptathlon","Sabine John","East Germany","Seoul","South Korea"
"449",1984,"Silver",11.13,NA,"100 metres","Alice Brown","United States","Los Angeles","USA"
"450",1984,"Silver",22.04,NA,"200 metres","Florence Griffith","United States","Los Angeles","USA"
"451",1984,"Silver",49.05,NA,"400 metres","Chandra Cheeseborough","United States","Los Angeles","USA"
"452",1984,"Silver",NA,NA,"800 metres","Kim Gallagher","United States","Los Angeles","USA"
"453",1984,"Silver",NA,NA,"1500 metres","Doina Melinte","Romania","Los Angeles","USA"
"454",1984,"Silver",NA,NA,"3000 metres","Wendy Smith-Sly","Great Britain","Los Angeles","USA"
"455",1984,"Silver",12.88,NA,"100 metres hurdles","Shirley Strong","Great Britain","Los Angeles","USA"
"456",1984,"Silver",12.88,NA,"100 metres hurdles","Shirley Strong","Great Britain","Los Angeles","USA"
"457",1984,"Silver",55.2,NA,"400 metres hurdles","Judi Brown","United States","Los Angeles","USA"
"458",1984,"Silver",42.77,NA,"4×100 metres relay","Canada (CAN)Angela","BaileyMarita PayneAngella Taylor-IssajenkoFrance Gareau","Los Angeles","USA"
"459",1984,"Silver",NA,NA,"4×400 metres relay","Canada (CAN)Charmaine","CrooksJillian RichardsonMolly KillingbeckMarita PayneDana Wright*","Los Angeles","USA"
"460",1984,"Silver",NA,NA,"Marathon","Grete Waitz","Norway","Los Angeles","USA"
"461",1984,"Silver",NA,NA,"High jump","Sara Simeoni","Italy","Los Angeles","USA"
"462",1984,"Silver",NA,NA,"Long jump","Vali Ionescu","Romania","Los Angeles","USA"
"463",1984,"Silver",NA,NA,"Shot put","Mihaela Loghin","Romania","Los Angeles","USA"
"464",1984,"Silver",NA,NA,"Discus throw","Leslie Deniz","United States","Los Angeles","USA"
"465",1984,"Silver",NA,NA,"Javelin throw","Tiina Lillak","Finland","Los Angeles","USA"
"466",1984,"Silver",6385,NA,"Heptathlon","Jackie Joyner","United States","Los Angeles","USA"
"467",1980,"Silver",11.07,NA,"100 metres","Marlies Göhr","East Germany","Moscow","Russia"
"468",1980,"Silver",22.19,NA,"200 metres","Natalya Bochina","Soviet Union","Moscow","Russia"
"469",1980,"Silver",49.46,NA,"400 metres","Jarmila Kratochvílová","Czechoslovakia","Moscow","Russia"
"470",1980,"Silver",NA,NA,"800 metres","Olga Mineeva","Soviet Union","Moscow","Russia"
"471",1980,"Silver",NA,NA,"1500 metres","Christiane Wartenberg","East Germany","Moscow","Russia"
"472",1980,"Silver",12.63,NA,"100 metres hurdles","Johanna Klier","East Germany","Moscow","Russia"
"473",1980,"Silver",42.1,NA,"4×100 metres relay","Soviet Union","(URS)Vera KomisovaLyudmila MaslakovaVera AnisimovaNatalya Bochina","Moscow","Russia"
"474",1980,"Silver",NA,NA,"4×400 metres relay","East Germany","(GDR)Barbara KrugGabriele LöweChristina LathanMarita Koch","Moscow","Russia"
"475",1980,"Silver",NA,NA,"High jump","Urszula Kielan","Poland","Moscow","Russia"
"476",1980,"Silver",NA,NA,"Long jump","Brigitte Wujak","East Germany","Moscow","Russia"
"477",1980,"Silver",NA,NA,"Shot put","Svetlana Krachevskaia","Soviet Union","Moscow","Russia"
"478",1980,"Silver",NA,NA,"Discus throw","Mariya Petkova","Bulgaria","Moscow","Russia"
"479",1980,"Silver",NA,NA,"Javelin throw","Saida Gunba","Soviet Union","Moscow","Russia"
"480",1980,"Silver",4937,NA,"Pentathlon","Olga Rukavishnikova","Soviet Union","Moscow","Russia"
"481",1976,"Silver",11.13,NA,"100 metres","Renate Stecher","East Germany","Montreal","Canada"
"482",1976,"Silver",22.39,NA,"200 metres","Annegret Richter","West Germany","Montreal","Canada"
"483",1976,"Silver",50.51,NA,"400 metres","Christina Brehmer","East Germany","Montreal","Canada"
"484",1976,"Silver",NA,NA,"800 metres","Nikolina Shtereva","Bulgaria","Montreal","Canada"
"485",1976,"Silver",NA,NA,"1500 metres","Gunhild Hoffmeister","East Germany","Montreal","Canada"
"486",1976,"Silver",12.78,NA,"100 metres hurdles","Tatiana Anisimova","Soviet Union","Montreal","Canada"
"487",1976,"Silver",42.59,NA,"4×100 metres relay","West Germany","(FRG)Elvira PossekelInge HeltenAnnegret RichterAnnegret Kroniger","Montreal","Canada"
"488",1976,"Silver",NA,NA,"4×400 metres relay","United States","(USA)Debra SapenterSheila IngramPamela JilesRosalyn Bryant","Montreal","Canada"
"489",1976,"Silver",NA,NA,"High jump","Sara Simeoni","Italy","Montreal","Canada"
"490",1976,"Silver",NA,NA,"Long jump","Kathy McMillan","United States","Montreal","Canada"
"491",1976,"Silver",NA,NA,"Shot put","Nadezhda Chizhova","Soviet Union","Montreal","Canada"
"492",1976,"Silver",NA,NA,"Discus throw","Mariya Vergova","Bulgaria","Montreal","Canada"
"493",1976,"Silver",NA,NA,"Javelin throw","Marion Becker","West Germany","Montreal","Canada"
"494",1976,"Silver",4745,NA,"Pentathlon","Christine Laser","East Germany","Montreal","Canada"
"495",1972,"Silver",11.23,NA,"100 metres","Raelene Boyle","Australia","Munich","Germany"
"496",1972,"Silver",22.45,NA,"200 metres","Raelene Boyle","Australia","Munich","Germany"
"497",1972,"Silver",51.21,NA,"400 metres","Rita Wilden","West Germany","Munich","Germany"
"498",1972,"Silver",NA,NA,"800 metres","Nijolė Sabaitė","Soviet Union","Munich","Germany"
"499",1972,"Silver",NA,NA,"1500 metres","Gunhild Hoffmeister","East Germany","Munich","Germany"
"500",1972,"Silver",12.84,NA,"100 metres hurdles","Valeria Bufanu","Romania","Munich","Germany"
"501",1972,"Silver",42.95,NA,"4×100 metres relay","East Germany","(GDR)Evelin KauferChristina HeinichBärbel StruppertRenate Stecher","Munich","Germany"
"502",1972,"Silver",NA,NA,"4×400 metres relay","United States","(USA)Mable FergersonMadeline ManningCheryl ToussaintKathy Hammond","Munich","Germany"
"503",1972,"Silver",1.88,NA,"High jump","Yordanka Blagoeva","Bulgaria","Munich","Germany"
"504",1972,"Silver",6.77,NA,"Long jump","Diana Yorgova","Bulgaria","Munich","Germany"
"505",1972,"Silver",20.22,NA,"Shot put","Margitta Gummel","East Germany","Munich","Germany"
"506",1972,"Silver",65.06,NA,"Discus throw","Argentina Menis","Romania","Munich","Germany"
"507",1972,"Silver",62.54,NA,"Javelin throw","Jacqueline Todten","East Germany","Munich","Germany"
"508",1972,"Silver",4791,NA,"Pentathlon","Heide Rosendahl","West Germany","Munich","Germany"
"509",1968,"Silver",11.15,NA,"100 metres","Barbara Ferrell","United States","Mexico City","Mexico"
"510",1968,"Silver",22.74,NA,"200 metres","Raelene Boyle","Australia","Mexico City","Mexico"
"511",1968,"Silver",52.12,NA,"400 metres","Lillian Board","Great Britain","Mexico City","Mexico"
"512",1968,"Silver",NA,NA,"800 metres","Ilona Silai","Romania","Mexico City","Mexico"
"513",1968,"Silver",10.46,NA,"80 metres hurdles","Pam Kilborn","Australia","Mexico City","Mexico"
"514",1968,"Silver",43.36,NA,"4×100 metres relay","Cuba (CUB)Violetta","QuesadaMiguelina CobiánMarlene ElejardeFulgencia Romay","Mexico City","Mexico"
"515",1968,"Silver",1.8,NA,"High jump","Antonina Okorokova","Soviet Union","Mexico City","Mexico"
"516",1968,"Silver",6.68,NA,"Long jump","Sheila Sherwood","Great Britain","Mexico City","Mexico"
"517",1968,"Silver",18.78,NA,"Shot put","Marita Lange","East Germany","Mexico City","Mexico"
"518",1968,"Silver",57.76,NA,"Discus throw","Liesel Westermann","West Germany","Mexico City","Mexico"
"519",1968,"Silver",59.92,NA,"Javelin throw","Mihaela Peneş","Romania","Mexico City","Mexico"
"520",1968,"Silver",4966,NA,"Pentathlon","Liese Prokop","Austria","Mexico City","Mexico"
"521",1964,"Silver",11.6,NA,"100 metres","Edith McGuire","United States","Tokyo","Japan"
"522",1964,"Silver",23.1,NA,"200 metres","Irena Kirszenstein","Poland","Tokyo","Japan"
"523",1964,"Silver",52.2,NA,"400 metres","Ann Packer","Great Britain","Tokyo","Japan"
"524",1964,"Silver",NA,NA,"800 metres","Maryvonne Dupureur","France","Tokyo","Japan"
"525",1964,"Silver",10.5,NA,"80 metres hurdles","Teresa Ciepły","Poland","Tokyo","Japan"
"526",1964,"Silver",43.9,NA,"4×100 metres relay","United States","(USA)Willye WhiteWyomia TyusMarilyn WhiteEdith McGuire","Tokyo","Japan"
"527",1964,"Silver",1.8,NA,"High jump","Michele Brown","Australia","Tokyo","Japan"
"528",1964,"Silver",6.6,NA,"Long jump","Irena Kirszenstein","Poland","Tokyo","Japan"
"529",1964,"Silver",17.61,NA,"Shot put","Renate Culmberger","United Team of Germany","Tokyo","Japan"
"530",1964,"Silver",57.21,NA,"Discus throw","Ingrid Lotz","United Team of Germany","Tokyo","Japan"
"531",1964,"Silver",58.27,NA,"Javelin throw","Márta Rudas","Hungary","Tokyo","Japan"
"532",1964,"Silver",5035,NA,"Pentathlon","Mary Rand","Great Britain","Tokyo","Japan"
"533",1960,"Silver",11.3,NA,"100 metres","Dorothy Hyman","Great Britain","Rome","Italy"
"534",1960,"Silver",24.4,NA,"200 metres","Jutta Heine","United Team of Germany","Rome","Italy"
"535",1960,"Silver",NA,NA,"800 metres","Brenda Jones","Australia","Rome","Italy"
"536",1960,"Silver",10.9,NA,"80 metres hurdles","Carole Quinton","Great Britain","Rome","Italy"
"537",1960,"Silver",44.8,NA,"4×100 metres relay","United Team","of Germany (EUA)Martha LangbeinAnni BiechlBrunhilde HendrixJutta Heine","Rome","Italy"
"538",1960,"Silver",1.71,NA,"High jump","Jarosława Jóźwiakowska","Poland","Rome","Italy"
"539",1960,"Silver",1.71,NA,"High jump","Dorothy Shirley","Great Britain","Rome","Italy"
"540",1960,"Silver",6.27,NA,"Long jump","Elżbieta Krzesińska","Poland","Rome","Italy"
"541",1960,"Silver",16.61,NA,"Shot put","Johanna Lüttge","United Team of Germany","Rome","Italy"
"542",1960,"Silver",52.59,NA,"Discus throw","Tamara Press","Soviet Union","Rome","Italy"
"543",1960,"Silver",53.78,NA,"Javelin throw","Dana Zátopková","Czechoslovakia","Rome","Italy"
"544",1956,"Silver",11.7,NA,"100 metres","Christa Stubnick","United Team of Germany","Melbourne","Australia"
"545",1956,"Silver",23.7,NA,"200 metres","Christa Stubnick","United Team of Germany","Melbourne","Australia"
"546",1956,"Silver",10.9,NA,"80 metres hurdles","Gisela Köhler","United Team of Germany","Melbourne","Australia"
"547",1956,"Silver",44.7,NA,"4 × 100 metres relay","Great Britain","(GBR)Heather ArmitageAnne PashleyJune PaulJean Scrivens","Melbourne","Australia"
"548",1956,"Silver",1.67,NA,"High jump","Thelma Hopkins","Great BritainMariya Pisareva Soviet Union","Melbourne","Australia"
"549",1956,"Silver",6.09,NA,"Long jump","Willye White","United States","Melbourne","Australia"
"550",1956,"Silver",16.53,NA,"Shot put","Galina Zybina","Soviet Union","Melbourne","Australia"
"551",1956,"Silver",52.54,NA,"Discus throw","Irina Beglyakova","Soviet Union","Melbourne","Australia"
"552",1956,"Silver",50.38,NA,"Javelin throw","Marlene Ahrens","Chile","Melbourne","Australia"
"553",1952,"Silver",11.8,NA,"100 metres","Daphne Hasenjager","South Africa","Helsinki","Finland"
"554",1952,"Silver",24.2,NA,"200 metres","Bertha Brouwer","Netherlands","Helsinki","Finland"
"555",1952,"Silver",11.1,NA,"80 metres hurdles","Mariya Golubnichaya","Soviet Union","Helsinki","Finland"
"556",1952,"Silver",45.9,NA,"4 × 100 metres relay","Germany (GER)Ursula","KnabMaria SanderHelga KleinMarga Petersen","Helsinki","Finland"
"557",1952,"Silver",NA,NA,"High jump","Sheila Lerwill","Great Britain","Helsinki","Finland"
"558",1952,"Silver",NA,NA,"Long jump","Aleksandra Chudina","Soviet Union","Helsinki","Finland"
"559",1952,"Silver",NA,NA,"Shot put","Marianne Werner","Germany","Helsinki","Finland"
"560",1952,"Silver",NA,NA,"Discus throw","Elizaveta Bagryantseva","Soviet Union","Helsinki","Finland"
"561",1952,"Silver",NA,NA,"Javelin throw","Aleksandra Chudina","Soviet Union","Helsinki","Finland"
"562",1948,"Silver",12.2,NA,"100 metres","Dorothy Manley","Great Britain","London","Great Britain"
"563",1948,"Silver",25.1,NA,"200 metres","Audrey Williamson","Great Britain","London","Great Britain"
"564",1948,"Silver",11.2,NA,"80 metres hurdles","Maureen Gardner","Great Britain","London","Great Britain"
"565",1948,"Silver",47.6,NA,"4 × 100 metres relay","Australia (AUS)Shirley","StricklandJune MastonBetty McKinnonJoyce King","London","Great Britain"
"566",1948,"Silver",1.68,NA,"High jump","Dorothy Tyler","Great Britain","London","Great Britain"
"567",1948,"Silver",5.6,NA,"Long jump","Noemí Simonetto","Argentina","London","Great Britain"
"568",1948,"Silver",13.09,NA,"Shot put","Amelia Piccinini","Italy","London","Great Britain"
"569",1948,"Silver",41.17,NA,"Discus throw","Edera Cordiale","Italy","London","Great Britain"
"570",1948,"Silver",43.79,NA,"Javelin throw","Kaisa Parviainen","Finland","London","Great Britain"
"571",1936,"Silver",11.7,NA,"100 metres","Stanisława Walasiewicz","Poland","Berlin","Germany"
"572",1936,"Silver",11.7,NA,"80 metres hurdles","Anni Steuer","Germany","Berlin","Germany"
"573",1936,"Silver",47.6,NA,"4 × 100 metres relay","Great Britain","(GBR)Eileen HiscockViolet OlneyAudrey BrownBarbara Burke","Berlin","Germany"
"574",1936,"Silver",1.6,NA,"High jump","Dorothy Odam","Great Britain","Berlin","Germany"
"575",1936,"Silver",46.22,NA,"Discus throw","Jadwiga Wajs","Poland","Berlin","Germany"
"576",1936,"Silver",43.29,NA,"Javelin throw","Luise Krüger","Germany","Berlin","Germany"
"577",2016,"Bronze",10.86,NA,"100 metres","Shelly-Ann Fraser-Pryce","Jamaica","Rio de Janeiro","Brazil"
"578",2016,"Bronze",22.15,NA,"200 metres","Tori Bowie","United States","Rio de Janeiro","Brazil"
"579",2016,"Bronze",49.85,NA,"400 metres","Shericka Jackson","Jamaica","Rio de Janeiro","Brazil"
"580",2016,"Bronze",NA,NA,"800 metres","Margaret Wambui","Kenya","Rio de Janeiro","Brazil"
"581",2016,"Bronze",NA,NA,"1500 metres","Jennifer Simpson","United States","Rio de Janeiro","Brazil"
"582",2016,"Bronze",NA,NA,"5000 metres","Almaz Ayana","Ethiopia","Rio de Janeiro","Brazil"
"583",2016,"Bronze",NA,NA,"10,000 metres","Tirunesh Dibaba","Ethiopia","Rio de Janeiro","Brazil"
"584",2016,"Bronze",NA,NA,""," NA",NA,"Rio de Janeiro","Brazil"
"585",2016,"Bronze",12.61,NA,"100 metres hurdles","Kristi Castlin","United States","Rio de Janeiro","Brazil"
"586",2016,"Bronze",53.72,NA,"400 metres hurdles","Ashley Spencer","United States","Rio de Janeiro","Brazil"
"587",2016,"Bronze",NA,NA,"3000 metres steeplechase","Emma Coburn","United States","Rio de Janeiro","Brazil"
"588",2016,"Bronze",NA,NA,""," NA",NA,"Rio de Janeiro","Brazil"
"589",2016,"Bronze",41.77,NA,"4 × 100 metres relay","Great Britain","(GBR)Asha PhilipDesiree HenryDina Asher-SmithDaryll Neita","Rio de Janeiro","Brazil"
"590",2016,"Bronze",NA,NA,"4 × 400 metres relay","Great Britain","(GBR)Eilidh DoyleAnyika OnuoraEmily DiamondChristine OhuruoguKelly Massey*","Rio de Janeiro","Brazil"
"591",2016,"Bronze",NA,NA,""," NA",NA,"Rio de Janeiro","Brazil"
"592",2016,"Bronze",NA,NA,"Marathon","Mare Dibaba","Ethiopia","Rio de Janeiro","Brazil"
"593",2016,"Bronze",NA,NA,"20 kilometres walk","Lü Xiuzhi","China","Rio de Janeiro","Brazil"
"594",2016,"Bronze",NA,NA,""," NA",NA,"Rio de Janeiro","Brazil"
"595",2016,"Bronze",1.97,NA,"High jump","Blanka Vlašić","Croatia","Rio de Janeiro","Brazil"
"596",2016,"Bronze",4.8,NA,"Pole vault","Eliza McCartney","New Zealand","Rio de Janeiro","Brazil"
"597",2016,"Bronze",7.08,NA,"Long jump","Ivana Španović","Serbia","Rio de Janeiro","Brazil"
"598",2016,"Bronze",14.74,NA,"Triple jump","Olga Rypakova","Kazakhstan","Rio de Janeiro","Brazil"
"599",2016,"Bronze",19.87,NA,"Shot put","Anita Márton","Hungary","Rio de Janeiro","Brazil"
"600",2016,"Bronze",65.34,NA,"Discus throw","Denia Caballero","Cuba","Rio de Janeiro","Brazil"
"601",2016,"Bronze",74.54,NA,"Hammer throw","Sophie Hitchon","Great Britain","Rio de Janeiro","Brazil"
"602",2016,"Bronze",64.8,NA,"Javelin throw","Barbora Špotáková","Czech Republic","Rio de Janeiro","Brazil"
"603",2016,"Bronze",NA,NA,""," NA",NA,"Rio de Janeiro","Brazil"
"604",2016,"Bronze",6653,NA,"Heptathlon","Brianne Theisen-Eaton","Canada","Rio de Janeiro","Brazil"
"605",2012,"Bronze",10.81,NA,"100 metres","Veronica Campbell-Brown","Jamaica","London","Great Britain"
"606",2012,"Bronze",22.14,NA,"200 metres","Carmelita Jeter","United States","London","Great Britain"
"607",2012,"Bronze",49.72,NA,"400 metres","DeeDee Trotter","United States","London","Great Britain"
"608",2012,"Bronze",NA,NA,"800 metres  [e]","Pamela Jelimo","Kenya","London","Great Britain"
"609",2012,"Bronze",NA,NA,"1500 metres [f]","Abeba Aregawi","Ethiopia","London","Great Britain"
"610",2012,"Bronze",NA,NA,"5000 metres","Tirunesh Dibaba","Ethiopia","London","Great Britain"
"611",2012,"Bronze",NA,NA,"10,000 metres","Vivian Cheruiyot","Kenya","London","Great Britain"
"612",2012,"Bronze",NA,NA,""," NA",NA,"London","Great Britain"
"613",2012,"Bronze",12.48,NA,"100 metres hurdles","Kellie Wells","United States","London","Great Britain"
"614",2012,"Bronze",53.38,NA,"400 metres hurdles","Zuzana Hejnová","Czech Republic","London","Great Britain"
"615",2012,"Bronze",NA,NA,"3000 metres steeplechase [g]","Milcah Chemos","Cheywa Kenya","London","Great Britain"
"616",2012,"Bronze",NA,NA,""," NA",NA,"London","Great Britain"
"617",2012,"Bronze",42.04,NA,"4 × 100 m relay","Ukraine (UKR)Olesya","PovhHrystyna StuyMariya RyemyenElyzaveta Bryzgina","London","Great Britain"
"618",2012,"Bronze",NA,NA,"4 × 400 m relay [h]","Ukraine (UKR)Alina","LohvynenkoOlha ZemlyakHanna YaroshchukNataliya Pyhyda","London","Great Britain"
"619",2012,"Bronze",NA,NA,""," NA",NA,"London","Great Britain"
"620",2012,"Bronze",NA,NA,"Marathon","Tatyana Arkhipova","Russia","London","Great Britain"
"621",2012,"Bronze",NA,NA,"20 kilometres walk [i]","Liu Hong","China","London","Great Britain"
"622",2012,"Bronze",NA,NA,""," NA",NA,"London","Great Britain"
"623",2012,"Bronze",2,NA,"High jump [j]","Ruth Beitia","Spain","London","Great Britain"
"624",2012,"Bronze",4.7,NA,"Pole vault","Yelena Isinbayeva","Russia","London","Great Britain"
"625",2012,"Bronze",6.89,NA,"Long jump","Janay DeLoach","United States","London","Great Britain"
"626",2012,"Bronze",14.79,NA,"Triple jump","Olha Saladukha","Ukraine","London","Great Britain"
"627",2012,"Bronze",19.63,NA,"Shot put [k]","Li Ling","China","London","Great Britain"
"628",2012,"Bronze",66.38,NA,"Discus throw [l]","Yarelys Barrios","Cuba","London","Great Britain"
"629",2012,"Bronze",76.34,NA,"Hammer throw [m]","Zhang Wenxiu","China","London","Great Britain"
"630",2012,"Bronze",64.91,NA,"Javelin throw","Linda Stahl","Germany","London","Great Britain"
"631",2012,"Bronze",NA,NA,""," NA",NA,"London","Great Britain"
"632",2012,"Bronze",6599,NA,"Heptathlon [n]","Austra Skujytė","Lithuania","London","Great Britain"
"633",2008,"Bronze",NA,NA,"100 metres ","Not awardedas","there was a tie for silver.","Beijing","China"
"634",2008,"Bronze",22,NA,"200 metres ","Kerron Stewart","Jamaica","Beijing","China"
"635",2008,"Bronze",49.93,NA,"400 metres ","Sanya Richards","United States","Beijing","China"
"636",2008,"Bronze",NA,NA,"800 metres ","Hasna Benhassi","Morocco","Beijing","China"
"637",2008,"Bronze",NA,NA,"1500 metres ","Nataliya Tobias","Ukraine","Beijing","China"
"638",2008,"Bronze",NA,NA,"5000 metres   [g]","Sylvia Kibet","Kenya","Beijing","China"
"639",2008,"Bronze",NA,NA,"10,000 metres   [h]","Linet Chepkwemoi","Masai Kenya","Beijing","China"
"640",2008,"Bronze",12.64,NA,"100 metres hurdles ","Priscilla Lopes-Schliep","Canada","Beijing","China"
"641",2008,"Bronze",53.84,NA,"400 metres hurdles ","Tasha Danvers","Great Britain","Beijing","China"
"642",2008,"Bronze",NA,NA,"3000 metres steeplechase  [i]","Tatyana Petrova","Arkhipova Russia","Beijing","China"
"643",2008,"Bronze",43.14,NA,"4×100 metres relay [j]","BrazilRosemar Coelho","NetoLucimar de MouraThaissa PrestiRosângela Santos","Beijing","China"
"644",2008,"Bronze",NA,NA,"4×400 metres relay  [k]","Great BritainChristine","OhuruoguKelly SothertonMarilyn OkoroNicola Sanders","Beijing","China"
"645",2008,"Bronze",NA,NA,"Marathon ","Zhou Chunxiu","China","Beijing","China"
"646",2008,"Bronze",NA,NA,"20 kilometres walk ","Elisa Rigaudo","Italy","Beijing","China"
"647",2008,"Bronze",NA,NA,"High jump  [l]","Chaunté Howard","United States","Beijing","China"
"648",2008,"Bronze",NA,NA,"Pole vault ","Svetlana Feofanova","Russia","Beijing","China"
"649",2008,"Bronze",NA,NA,"Long jump  [m]","Chelsea Hammond","Jamaica","Beijing","China"
"650",2008,"Bronze",NA,NA,"Triple jump  [n]","Yargelis Savigne","Cuba","Beijing","China"
"651",2008,"Bronze",NA,NA,"Shot put  [o]","Gong Lijiao","China","Beijing","China"
"652",2008,"Bronze",NA,NA,"Discus throw  [p]","Song Aimin","China","Beijing","China"
"653",2008,"Bronze",NA,NA,"Hammer throw  [q]","Manuela Montebrun","France","Beijing","China"
"654",2008,"Bronze",65.75,NA,"Javelin throw  [r]","Goldie Sayers","Great Britain","Beijing","China"
"655",2008,"Bronze",6517,NA,"Heptathlon  [s]","Kelly Sotherton","Great Britain","Beijing","China"
"656",2000,"Bronze",11.19,NA,"100 metres","Merlene Ottey","Jamaica","Atlanta","USA"
"657",2000,"Bronze",11.19,NA,"100 metres","Merlene Ottey","Jamaica","Atlanta","USA"
"658",2000,"Bronze",22.35,NA,"200 metres","Beverly McDonald","Jamaica","Atlanta","USA"
"659",2000,"Bronze",49.72,NA,"400 metres","Katharine Merry","Great Britain","Atlanta","USA"
"660",2000,"Bronze",NA,NA,"800 metres","Kelly Holmes","Great Britain","Atlanta","USA"
"661",2000,"Bronze",NA,NA,"1500 metres","Gabriela Szabo","Romania","Atlanta","USA"
"662",2000,"Bronze",NA,NA,"5000 metres","Gete Wami","Ethiopia","Atlanta","USA"
"663",2000,"Bronze",NA,"NR)","10,000 metres","Fernanda Ribeiro","Portugal","Atlanta","USA"
"664",2000,"Bronze",12.76,NA,"100 metres hurdles","Melissa Morrison","United States","Atlanta","USA"
"665",2000,"Bronze",53.57,NA,"400 metres hurdles","Nezha Bidouane","Morocco","Atlanta","USA"
"666",2000,"Bronze",42.2,NA,"4×100 metres relay","United States","(USA)Chryste GainesTorri EdwardsNanceen PerryPassion Richardson*[3]","Atlanta","USA"
"667",2000,"Bronze",NA,NA,"4×400 metres relay","Russia (RUS)Yuliya","SotnikovaSvetlana GoncharenkoOlga KotlyarovaIrina PrivalovaNatalya Nazarova*Olesya Zykina*","Atlanta","USA"
"668",2000,"Bronze",NA,NA,"Marathon","Joyce Chepchumba","Kenya","Atlanta","USA"
"669",2000,"Bronze",NA,NA,"20 kilometres walk","María Vasco","Spain","Atlanta","USA"
"670",2000,"Bronze",NA,NA,"High jump","Kajsa Bergqvist","Sweden","Atlanta","USA"
"671",2000,"Bronze",NA,NA,"High jump","Oana Pantelimon[4]","Romania","Atlanta","USA"
"672",2000,"Bronze",NA,NA,"Pole vault","Vala Flosadóttir","Iceland","Atlanta","USA"
"673",2000,"Bronze",NA,NA,"Long jump","Tatyana Kotova","Russia","Atlanta","USA"
"674",2000,"Bronze",NA,NA,"Triple jump","Olena Hovorova","Ukraine","Atlanta","USA"
"675",2000,"Bronze",NA,NA,"Shot put","Astrid Kumbernuss","Germany","Atlanta","USA"
"676",2000,"Bronze",NA,NA,"Discus throw","Iryna Yatchenko","Belarus","Atlanta","USA"
"677",2000,"Bronze",NA,NA,"Hammer throw","Kirsten Münchow","Germany","Atlanta","USA"
"678",2000,"Bronze",NA,NA,"Javelin throw","Osleidys Menéndez","Cuba","Atlanta","USA"
"679",2000,"Bronze",6527,NA,"Heptathlon","Natallia Sazanovich","Belarus","Atlanta","USA"
"680",1996,"Bronze",10.96,NA,"100 metres","Gwen Torrence","United States","Atlanta","USA"
"681",1996,"Bronze",22.38,NA,"200 metres","Mary Onyali","Nigeria","Atlanta","USA"
"682",1996,"Bronze",49.1,NA,"400 metres","Falilat Ogunkoya","Nigeria","Atlanta","USA"
"683",1996,"Bronze",NA,NA,"800 metres","Maria de","Lurdes Mutola Mozambique","Atlanta","USA"
"684",1996,"Bronze",NA,"NR)","1500 metres","Theresia Kiesl","Austria","Atlanta","USA"
"685",1996,"Bronze",NA,NA,"5000 metres","Roberta Brunet","Italy","Atlanta","USA"
"686",1996,"Bronze",NA,NA,"10,000 metres","Gete Wami","Ethiopia","Atlanta","USA"
"687",1996,"Bronze",12.65,NA,"100 metres hurdles","Patricia Girard","France","Atlanta","USA"
"688",1996,"Bronze",53.22,NA,"400 metres hurdles","Tonja Buford-Bailey","United States","Atlanta","USA"
"689",1996,"Bronze",42.24,NA,"4×100 metres relay","Jamaica (JAM)Michelle","FreemanJuliet CuthbertNikole MitchellMerlene OtteyGillian Russell*Andria Lloyd*","Atlanta","USA"
"690",1996,"Bronze",NA,NA,"4×400 metres relay","Germany (GER)Uta","RohländerLinda KisabakaAnja RückerGrit Breuer","Atlanta","USA"
"691",1996,"Bronze",NA,NA,"Marathon","Yuko Arimori","Japan","Atlanta","USA"
"692",1996,"Bronze",NA,NA,"10 kilometres walk","Wang Yan","China","Atlanta","USA"
"693",1996,"Bronze",NA,NA,"High jump","Inha Babakova","Ukraine","Atlanta","USA"
"694",1996,"Bronze",NA,NA,"Long jump","Jackie Joyner-Kersee","United States","Atlanta","USA"
"695",1996,"Bronze",NA,NA,"Triple jump","Šárka Kašpárková","Czech Republic","Atlanta","USA"
"696",1996,"Bronze",NA,NA,"Shot put","Irina Khudoroshkina","Russia","Atlanta","USA"
"697",1996,"Bronze",NA,NA,"Discus throw","Ellina Zvereva","Belarus","Atlanta","USA"
"698",1996,"Bronze",NA,NA,"Javelin throw","Trine Hattestad","Norway","Atlanta","USA"
"699",1996,"Bronze",6489,NA,"Heptathlon","Denise Lewis","Great Britain","Atlanta","USA"
"700",1992,"Bronze",10.84,NA,"100 metres","Irina Privalova","Unified Team( Russia)","Barcelona","Spain"
"701",1992,"Bronze",22.09,NA,"200 metres","Merlene Ottey","Jamaica","Barcelona","Spain"
"702",1992,"Bronze",49.64,NA,"400 metres","Ximena Restrepo","Colombia","Barcelona","Spain"
"703",1992,"Bronze",NA,NA,"800 metres","Ana Fidelia","Quirot Cuba","Barcelona","Spain"
"704",1992,"Bronze",NA,NA,"1500 metres","Qu Yunxia","China","Barcelona","Spain"
"705",1992,"Bronze",NA,NA,"3000 metres","Angela Chalmers","Canada","Barcelona","Spain"
"706",1992,"Bronze",NA,NA,"10,000 metres","Lynn Jennings","United States","Barcelona","Spain"
"707",1992,"Bronze",12.7,NA,"100 metres hurdles","Yordanka Donkova","Bulgaria","Barcelona","Spain"
"708",1992,"Bronze",54.31,NA,"400 metres hurdles","Janeene Vickers","United States","Barcelona","Spain"
"709",1992,"Bronze",42.81,NA,"4×100 metres relay","Nigeria (NGR)Beatrice","UtonduFaith IdehenChristy Opara-ThompsonMary Onyali","Barcelona","Spain"
"710",1992,"Bronze",NA,NA,"4×400 metres relay","Great Britain","(GBR)Phylis SmithSandra DouglasJennifer StouteSally Gunnell","Barcelona","Spain"
"711",1992,"Bronze",NA,NA,"Marathon","Lorraine Moller","New Zealand","Barcelona","Spain"
"712",1992,"Bronze",NA,NA,"10 kilometres walk","Li Chunxiu","China","Barcelona","Spain"
"713",1992,"Bronze",NA,NA,"High jump","Joanet Quintero","Cuba","Barcelona","Spain"
"714",1992,"Bronze",NA,NA,"Long jump","Jackie Joyner-Kersee","United States","Barcelona","Spain"
"715",1992,"Bronze",NA,NA,"Shot put","Kathrin Neimke","Germany","Barcelona","Spain"
"716",1992,"Bronze",NA,NA,"Discus throw","Daniela Costian","Australia","Barcelona","Spain"
"717",1992,"Bronze",NA,NA,"Javelin throw","Karen Forkel","Germany","Barcelona","Spain"
"718",1992,"Bronze",6649,NA,"Heptathlon","Sabine Braun","Germany","Barcelona","Spain"
"719",1988,"Bronze",10.85,NA,"100 metres","Heike Drechsler","East Germany","Seoul","South Korea"
"720",1988,"Bronze",21.95,NA,"200 metres","Heike Drechsler","East Germany","Seoul","South Korea"
"721",1988,"Bronze",49.9,NA,"400 metres","Olga Nazarova","Soviet Union","Seoul","South Korea"
"722",1988,"Bronze",NA,NA,"800 metres","Kim Gallagher","United States","Seoul","South Korea"
"723",1988,"Bronze",NA,NA,"1500 metres","Tetyana Samolenko","Soviet Union","Seoul","South Korea"
"724",1988,"Bronze",NA,NA,"3000 metres","Yvonne Murray","Great Britain","Seoul","South Korea"
"725",1988,"Bronze",NA,NA,"10,000 metres","Yelena Zhupiyeva","Soviet Union","Seoul","South Korea"
"726",1988,"Bronze",12.75,NA,"100 metres hurdles","Claudia Zackiewicz","West Germany","Seoul","South Korea"
"727",1988,"Bronze",53.63,NA,"400 metres hurdles","Ellen Fiedler","East Germany","Seoul","South Korea"
"728",1988,"Bronze",42.75,NA,"4×100 metres relay","Soviet Union","(URS)Lyudmila KondratyevaGalina MalchuginaMarina ZhirovaNatalya PomoshchnikovaMaia Azarashvili*","Seoul","South Korea"
"729",1988,"Bronze",NA,NA,"4×400 metres relay","East Germany","(GDR)Dagmar NeubauerKirsten EmmelmannSabine BuschPetra MullerGrit Breuer*","Seoul","South Korea"
"730",1988,"Bronze",NA,NA,"Marathon","Katrin Dörre","East Germany","Seoul","South Korea"
"731",1988,"Bronze",NA,NA,"High jump","Tamara Bykova","Soviet Union","Seoul","South Korea"
"732",1988,"Bronze",NA,NA,"Long jump","Galina Chistyakova","Soviet Union","Seoul","South Korea"
"733",1988,"Bronze",NA,NA,"Shot put","Li Meisu","China","Seoul","South Korea"
"734",1988,"Bronze",NA,NA,"Discus throw","Tsvetanka Khristova","Bulgaria","Seoul","South Korea"
"735",1988,"Bronze",NA,NA,"Javelin throw","Beate Koch","East Germany","Seoul","South Korea"
"736",1988,"Bronze",6858,NA,"Heptathlon","Anke Behmer","East Germany","Seoul","South Korea"
"737",1984,"Bronze",11.16,NA,"100 metres","Merlene Ottey","Jamaica","Los Angeles","USA"
"738",1984,"Bronze",22.09,NA,"200 metres","Merlene Ottey","Jamaica","Los Angeles","USA"
"739",1984,"Bronze",49.42,NA,"400 metres","Kathy Smallwood-Cook","Great Britain","Los Angeles","USA"
"740",1984,"Bronze",NA,NA,"800 metres","Fiţa Lovin","Romania","Los Angeles","USA"
"741",1984,"Bronze",NA,NA,"1500 metres","Maricica Puică","Romania","Los Angeles","USA"
"742",1984,"Bronze",NA,NA,"3000 metres","Lynn Williams","Canada","Los Angeles","USA"
"743",1984,"Bronze",13.06,NA,"100 metres hurdles","Michèle Chardonnet","France","Los Angeles","USA"
"744",1984,"Bronze",13.06,NA,"100 metres hurdles","Kim Turner","United States","Los Angeles","USA"
"745",1984,"Bronze",55.41,NA,"400 metres hurdles","Cristieana Cojocaru","Romania","Los Angeles","USA"
"746",1984,"Bronze",43.11,NA,"4×100 metres relay","Great Britain","(GBR)Simmone JacobsKathy Smallwood-CookBeverley GoddardHeather Hunte","Los Angeles","USA"
"747",1984,"Bronze",NA,NA,"4×400 metres relay","West Germany","(FRG)Heike Schulte-MattlerUte ThimmHeide-Elke GaugelGaby BußmannNicole Leistenschneider*Christina Sussiek*","Los Angeles","USA"
"748",1984,"Bronze",NA,NA,"Marathon","Rosa Mota","Portugal","Los Angeles","USA"
"749",1984,"Bronze",NA,NA,"High jump","Joni Huntley","United States","Los Angeles","USA"
"750",1984,"Bronze",NA,NA,"Long jump","Susan Hearnshaw","Great Britain","Los Angeles","USA"
"751",1984,"Bronze",NA,NA,"Shot put","Gael Martin","Australia","Los Angeles","USA"
"752",1984,"Bronze",NA,NA,"Discus throw","Florenţa Crăciunescu","Romania","Los Angeles","USA"
"753",1984,"Bronze",NA,NA,"Javelin throw","Fatima Whitbread","Great Britain","Los Angeles","USA"
"754",1984,"Bronze",6363,NA,"Heptathlon","Sabine Everts","West Germany","Los Angeles","USA"
"755",1980,"Bronze",11.14,NA,"100 metres","Ingrid Auerswald","East Germany","Moscow","Russia"
"756",1980,"Bronze",22.2,NA,"200 metres","Merlene Ottey","Jamaica","Moscow","Russia"
"757",1980,"Bronze",49.66,NA,"400 metres","Christina Lathan","East Germany","Moscow","Russia"
"758",1980,"Bronze",NA,NA,"800 metres","Tatyana Providokhina","Soviet Union","Moscow","Russia"
"759",1980,"Bronze",NA,NA,"1500 metres","Nadiya Olizarenko","Soviet Union","Moscow","Russia"
"760",1980,"Bronze",12.65,NA,"100 metres hurdles","Lucyna Langer","Poland","Moscow","Russia"
"761",1980,"Bronze",42.43,NA,"4×100 metres relay","Great Britain","(GBR)Heather HunteKathy SmallwoodBeverley GoddardSonia Lannaman","Moscow","Russia"
"762",1980,"Bronze",NA,NA,"4×400 metres relay","Great Britain","(GBR)Linsey MacDonaldMichelle ProbertJoslyn Hoyte-SmithDonna Hartley","Moscow","Russia"
"763",1980,"Bronze",NA,NA,"High jump","Jutta Kirst","East Germany","Moscow","Russia"
"764",1980,"Bronze",NA,NA,"Long jump","Tatyana Skachko","Soviet Union","Moscow","Russia"
"765",1980,"Bronze",NA,NA,"Shot put","Margitta Droese-Pufe","East Germany","Moscow","Russia"
"766",1980,"Bronze",NA,NA,"Discus throw","Tatyana Lesovaya","Soviet Union","Moscow","Russia"
"767",1980,"Bronze",NA,NA,"Javelin throw","Ute Hommola","East Germany","Moscow","Russia"
"768",1980,"Bronze",4875,NA,"Pentathlon","Olga Kuragina","Soviet Union","Moscow","Russia"
"769",1976,"Bronze",11.17,NA,"100 metres","Inge Helten","West Germany","Montreal","Canada"
"770",1976,"Bronze",22.47,NA,"200 metres","Renate Stecher","East Germany","Montreal","Canada"
"771",1976,"Bronze",50.55,NA,"400 metres","Ellen Streidt","East Germany","Montreal","Canada"
"772",1976,"Bronze",NA,NA,"800 metres","Elfi Zinn","East Germany","Montreal","Canada"
"773",1976,"Bronze",NA,NA,"1500 metres","Ulrike Klapezynski","East Germany","Montreal","Canada"
"774",1976,"Bronze",12.8,NA,"100 metres hurdles","Natalya Lebedeva","Soviet Union","Montreal","Canada"
"775",1976,"Bronze",43.09,NA,"4×100 metres relay","Soviet Union","(URS)Tetyana ProrochenkoLyudmila MaslakovaNadezhda BesfamilnayaVera Anisimova","Montreal","Canada"
"776",1976,"Bronze",NA,NA,"4×400 metres relay","Soviet Union","(URS)Inta KļimovičaLyudmila AksyonovaNatalya SokolovaNadezhda Ilyina","Montreal","Canada"
"777",1976,"Bronze",NA,NA,"High jump","Yordanka Blagoeva","Bulgaria","Montreal","Canada"
"778",1976,"Bronze",NA,NA,"Long jump","Lidiya Alfeyeva","Soviet Union","Montreal","Canada"
"779",1976,"Bronze",NA,NA,"Shot put","Helena Fibingerová","Czechoslovakia","Montreal","Canada"
"780",1976,"Bronze",NA,NA,"Discus throw","Gabriele Hinzmann","East Germany","Montreal","Canada"
"781",1976,"Bronze",NA,NA,"Javelin throw","Kate Schmidt","United States","Montreal","Canada"
"782",1976,"Bronze",4740,NA,"Pentathlon","Burglinde Pollak","East Germany","Montreal","Canada"
"783",1972,"Bronze",11.24,NA,"100 metres","Silvia Chibás","Cuba","Munich","Germany"
"784",1972,"Bronze",22.74,NA,"200 metres","Irena Szewińska","Poland","Munich","Germany"
"785",1972,"Bronze",51.64,NA,"400 metres","Kathy Hammond","United States","Munich","Germany"
"786",1972,"Bronze",NA,NA,"800 metres","Gunhild Hoffmeister","East Germany","Munich","Germany"
"787",1972,"Bronze",NA,NA,"1500 metres","Paola Pigni","Italy","Munich","Germany"
"788",1972,"Bronze",12.9,NA,"100 metres hurdles","Karin Balzer","East Germany","Munich","Germany"
"789",1972,"Bronze",43.36,NA,"4×100 metres relay","Cuba (CUB)Marlene","ElejardeCarmen ValdésFulgencia RomaySilvia Chibás","Munich","Germany"
"790",1972,"Bronze",NA,NA,"4×400 metres relay","West Germany","(FRG)Anette RückesInge BöddingHildegard FalckRita Wilden","Munich","Germany"
"791",1972,"Bronze",1.88,NA,"High jump","Ilona Gusenbauer","Austria","Munich","Germany"
"792",1972,"Bronze",6.67,NA,"Long jump","Eva Šuranová","Czechoslovakia","Munich","Germany"
"793",1972,"Bronze",19.35,NA,"Shot put","Ivanka Khristova","Bulgaria","Munich","Germany"
"794",1972,"Bronze",64.34,NA,"Discus throw","Vasilka Stoeva","Bulgaria","Munich","Germany"
"795",1972,"Bronze",59.94,NA,"Javelin throw","Kate Schmidt","United States","Munich","Germany"
"796",1972,"Bronze",4768,NA,"Pentathlon","Burglinde Pollak","East Germany","Munich","Germany"
"797",1968,"Bronze",11.19,NA,"100 metres","Irena Szewińska","Poland","Mexico City","Mexico"
"798",1968,"Bronze",22.88,NA,"200 metres","Jenny Lamy","Australia","Mexico City","Mexico"
"799",1968,"Bronze",52.25,NA,"400 metres","Natalya Pechonkina","Soviet Union","Mexico City","Mexico"
"800",1968,"Bronze",NA,NA,"800 metres","Maria Gommers","Netherlands","Mexico City","Mexico"
"801",1968,"Bronze",10.51,NA,"80 metres hurdles","Chi Cheng","Taiwan","Mexico City","Mexico"
"802",1968,"Bronze",43.41,NA,"4×100 metres relay","Soviet Union","(URS)Galina BukharinaLyudmila SamotyosovaVera PopkovaLyudmila Zharkova","Mexico City","Mexico"
"803",1968,"Bronze",1.8,NA,"High jump","Valentina Kozyr","Soviet Union","Mexico City","Mexico"
"804",1968,"Bronze",6.66,NA,"Long jump","Tatyana Talysheva","Soviet Union","Mexico City","Mexico"
"805",1968,"Bronze",18.19,NA,"Shot put","Nadezhda Chizhova","Soviet Union","Mexico City","Mexico"
"806",1968,"Bronze",54.9,NA,"Discus throw","Jolán Kleiber-Kontsek","Hungary","Mexico City","Mexico"
"807",1968,"Bronze",58.04,NA,"Javelin throw","Eva Janko","Austria","Mexico City","Mexico"
"808",1968,"Bronze",4959,NA,"Pentathlon","Annamária Tóth","Hungary","Mexico City","Mexico"
"809",1964,"Bronze",11.6,NA,"100 metres","Ewa Kłobukowska","Poland","Tokyo","Japan"
"810",1964,"Bronze",23.1,NA,"200 metres","Marilyn Black","Australia","Tokyo","Japan"
"811",1964,"Bronze",53.4,NA,"400 metres","Judy Amoore","Australia","Tokyo","Japan"
"812",1964,"Bronze",NA,NA,"800 metres","Marise Chamberlain","New Zealand","Tokyo","Japan"
"813",1964,"Bronze",10.6,NA,"80 metres hurdles","Pam Kilborn","Australia","Tokyo","Japan"
"814",1964,"Bronze",44,NA,"4×100 metres relay","Great Britain","(GBR)Janet SimpsonMary RandDaphne ArdenDorothy Hyman","Tokyo","Japan"
"815",1964,"Bronze",1.78,NA,"High jump","Taisia Chenchik","Soviet Union","Tokyo","Japan"
"816",1964,"Bronze",6.42,NA,"Long jump","Tatyana Schelkanova","Soviet Union","Tokyo","Japan"
"817",1964,"Bronze",17.45,NA,"Shot put","Galina Zybina","Soviet Union","Tokyo","Japan"
"818",1964,"Bronze",56.97,NA,"Discus throw","Lia Manoliu","Romania","Tokyo","Japan"
"819",1964,"Bronze",57.06,NA,"Javelin throw","Yelena Gorchakova","Soviet Union","Tokyo","Japan"
"820",1964,"Bronze",4956,NA,"Pentathlon","Galina Bystrova","Soviet Union","Tokyo","Japan"
"821",1960,"Bronze",11.3,NA,"100 metres","Giuseppina Leone","Italy","Rome","Italy"
"822",1960,"Bronze",24.7,NA,"200 metres","Dorothy Hyman","Great Britain","Rome","Italy"
"823",1960,"Bronze",NA,NA,"800 metres","Ursula Donath","United Team of Germany","Rome","Italy"
"824",1960,"Bronze",11,NA,"80 metres hurdles","Gisela Birkemeyer","United Team of Germany","Rome","Italy"
"825",1960,"Bronze",45,NA,"4×100 metres relay","Poland (POL)Teresa","WieczorekBarbara JaniszewskaCelina JesionowskaHalina Richter","Rome","Italy"
"826",1960,"Bronze",NA,NA,"High jump","none awarded","as there was a tie for silver","Rome","Italy"
"827",1960,"Bronze",NA,NA,"High jump","none awarded","as there was a tie for silver","Rome","Italy"
"828",1960,"Bronze",6.21,NA,"Long jump","Hildrun Claus","United Team of Germany","Rome","Italy"
"829",1960,"Bronze",16.42,NA,"Shot put","Earlene Brown","United States","Rome","Italy"
"830",1960,"Bronze",52.36,NA,"Discus throw","Lia Manoliu","Romania","Rome","Italy"
"831",1960,"Bronze",53.45,NA,"Javelin throw","Birutė Kalėdienė","Soviet Union","Rome","Italy"
"832",1956,"Bronze",11.7,NA,"100 metres","Marlene Matthews","Australia","Melbourne","Australia"
"833",1956,"Bronze",23.8,NA,"200 metres","Marlene Matthews","Australia","Melbourne","Australia"
"834",1956,"Bronze",11,NA,"80 metres hurdles","Norma Thrower","Australia","Melbourne","Australia"
"835",1956,"Bronze",44.9,NA,"4 × 100 metres relay","United States","(USA)Isabelle DanielsMae FaggsMargaret MatthewsWilma Rudolph","Melbourne","Australia"
"836",1956,"Bronze",NA,NA,"High jump","none awarded",NA,"Melbourne","Australia"
"837",1956,"Bronze",6.07,NA,"Long jump","Nadezhda Dvalishvili","Soviet Union","Melbourne","Australia"
"838",1956,"Bronze",15.61,NA,"Shot put","Marianne Werner","United Team of Germany","Melbourne","Australia"
"839",1956,"Bronze",52.02,NA,"Discus throw","Nina Ponomaryova","Soviet Union","Melbourne","Australia"
"840",1956,"Bronze",50.28,NA,"Javelin throw","Nadezhda Konyayeva","Soviet Union","Melbourne","Australia"
"841",1952,"Bronze",11.9,NA,"100 metres","Shirley Strickland","de la Hunty Australia","Helsinki","Finland"
"842",1952,"Bronze",24.2,NA,"200 metres","Nadezhda Khnykina-Dvalishvili","Soviet Union","Helsinki","Finland"
"843",1952,"Bronze",11.1,NA,"80 metres hurdles","Maria Sander","Germany","Helsinki","Finland"
"844",1952,"Bronze",46.2,NA,"4 × 100 metres relay","Great Britain","(GBR)Sylvia CheesemanJune FouldsJean DesforgesHeather Armitage","Helsinki","Finland"
"845",1952,"Bronze",NA,NA,"High jump","Aleksandra Chudina","Soviet Union","Helsinki","Finland"
"846",1952,"Bronze",NA,NA,"Long jump","Shirley Cawley","Great Britain","Helsinki","Finland"
"847",1952,"Bronze",NA,NA,"Shot put","Klavdia Tochonova","Soviet Union","Helsinki","Finland"
"848",1952,"Bronze",NA,NA,"Discus throw","Nina Dumbadze","Soviet Union","Helsinki","Finland"
"849",1952,"Bronze",NA,NA,"Javelin throw","Yelena Gorchakova","Soviet Union","Helsinki","Finland"
"850",1948,"Bronze",12.2,NA,"100 metres","Shirley Strickland","Australia","London","Great Britain"
"851",1948,"Bronze",25.2,NA,"200 metres","Audrey Patterson","United States","London","Great Britain"
"852",1948,"Bronze",11.4,NA,"80 metres hurdles","Shirley Strickland","Australia","London","Great Britain"
"853",1948,"Bronze",47.8,NA,"4 × 100 metres relay","Canada (CAN)Viola","MyersNancy MacKayDiane FosterPatricia Jones","London","Great Britain"
"854",1948,"Bronze",1.61,NA,"High jump","Micheline Ostermeyer","France","London","Great Britain"
"855",1948,"Bronze",5.575,NA,"Long jump","Ann-Britt Leyman","Sweden","London","Great Britain"
"856",1948,"Bronze",13.08,NA,"Shot put","Ine Schäffer","Austria","London","Great Britain"
"857",1948,"Bronze",40.47,NA,"Discus throw","Jacqueline Mazeas","France","London","Great Britain"
"858",1948,"Bronze",42.08,NA,"Javelin throw","Lily Carlstedt","Denmark","London","Great Britain"
"859",1936,"Bronze",11.9,NA,"100 metres","Käthe Krauß","Germany","Berlin","Germany"
"860",1936,"Bronze",11.7,NA,"80 metres hurdles","Betty Taylor","Canada","Berlin","Germany"
"861",1936,"Bronze",47.8,NA,"4 × 100 metres relay","Canada (CAN)Dorothy","BrookshawMildred DolsonHilda CameronAileen Meagher","Berlin","Germany"
"862",1936,"Bronze",1.6,NA,"High jump","Elfriede Kaun","Germany","Berlin","Germany"
"863",1936,"Bronze",39.8,NA,"Discus throw","Paula Mollenhauer","Germany","Berlin","Germany"
"864",1936,"Bronze",41.8,NA,"Javelin throw","Maria Kwaśniewska","Poland","Berlin","Germany"
